sector,sector_coverage,population_scale,residential_area,office_building,commercial_area,resident_population,office_population,number_of_shops,catering,retail,hotel,transportation_station,education,leisure_and_entertainment,bus_station_cnt,subway_station_cnt,rentable_shops,surrounding_housing_average_price,surrounding_shop_average_rent,leisure_entertainment_entertainment_venue_game_arcade,leisure_entertainment_entertainment_venue_party_house,leisure_entertainment_cultural_venue_cultural_palace,office_building_industrial_building_industrial_building,education_training_school_education_middle_school,education_training_school_education_primary_school,education_training_school_education_kindergarten,education_training_school_education_research_institution,medical_health,medical_health_specialty_hospital,medical_health_tcm_hospital,medical_health_physical_examination_institution,medical_health_veterinary_station,medical_health_pharmaceutical_healthcare,medical_health_rehabilitation_institution,medical_health_first_aid_center,medical_health_blood_donation_station,medical_health_disease_prevention_institution,medical_health_general_hospital,medical_health_clinic,transportation_facilities_service_bus_station,transportation_facilities_service_subway_station,transportation_facilities_service_airport_related,transportation_facilities_service_port_terminal,transportation_facilities_service_train_station,transportation_facilities_service_light_rail_station,transportation_facilities_service_long_distance_bus_station,number_of_leisure_and_entertainment_stores,number_of_other_stores,number_of_other_anchor_stores,number_of_home_appliance_stores,number_of_skincare_cosmetics_stores,number_of_fashion_stores,number_of_service_stores,number_of_jewelry_stores,number_of_lifestyle_leisure_stores,number_of_supermarket_convenience_stores,number_of_catering_food_stores,number_of_residential_commercial,number_of_office_building_commercial,number_of_commercial_buildings,number_of_hypermarkets,number_of_department_stores,number_of_shopping_centers,number_of_hotel_commercial,number_of_third_tier_shopping_malls_in_business_district,number_of_second_tier_shopping_malls_in_business_district,number_of_city_winner_malls,number_of_shopping_malls_with_street_facing_shops,number_of_unranked_malls,number_of_community_malls,number_of_community_winner_malls,number_of_key_focus_malls,population_scale_dense,residential_area_dense,office_building_dense,commercial_area_dense,resident_population_dense,office_population_dense,number_of_shops_dense,catering_dense,retail_dense,hotel_dense,transportation_station_dense,education_dense,leisure_and_entertainment_dense,bus_station_cnt_dense,subway_station_cnt_dense,rentable_shops_dense,leisure_entertainment_stores_dense,other_stores_dense,other_anchor_stores_dense,home_appliance_stores_dense,skincare_cosmetics_stores_dense,fashion_stores_dense,service_stores_dense,jewelry_stores_dense,lifestyle_leisure_stores_dense,supermarket_convenience_stores_dense,catering_food_stores_dense,residential_commercial_dense,office_building_commercial_dense,commercial_buildings_dense,hypermarkets_dense,department_stores_dense,shopping_centers_dense,hotel_commercial_dense,third_tier_shopping_malls_in_business_district_dense,second_tier_shopping_malls_in_business_district_dense,city_winner_malls_dense,shopping_malls_with_street_facing_shops_dense,unranked_malls_dense,community_malls_dense,community_winner_malls_dense,key_focus_malls_dense,transportation_facilities_service_bus_station_dense,transportation_facilities_service_subway_station_dense,transportation_facilities_service_airport_related_dense,transportation_facilities_service_port_terminal_dense,transportation_facilities_service_train_station_dense,transportation_facilities_service_light_rail_station_dense,transportation_facilities_service_long_distance_bus_station_dense,leisure_entertainment_entertainment_venue_game_arcade_dense,leisure_entertainment_entertainment_venue_party_house_dense,leisure_entertainment_cultural_venue_cultural_palace_dense,office_building_industrial_building_industrial_building_dense,medical_health_dense,medical_health_specialty_hospital_dense,medical_health_tcm_hospital_dense,medical_health_physical_examination_institution_dense,medical_health_veterinary_station_dense,medical_health_pharmaceutical_healthcare_dense,medical_health_rehabilitation_institution_dense,medical_health_first_aid_center_dense,medical_health_blood_donation_station_dense,medical_health_disease_prevention_institution_dense,medical_health_general_hospital_dense,medical_health_clinic_dense,education_training_school_education_middle_school_dense,education_training_school_education_primary_school_dense,education_training_school_education_kindergarten_dense,education_training_school_education_research_institution_dense
sector 23,0.410667601,113800,68,58,4,88000,36000,2398,597,1416,54,298,139,192,30,1,82,36037.3,128,4,0,0,0,1,5,11,3,102,9,0,0,0,46,20,0,0,0,6,21,29,6,0,0,0,0,0,4,2,3,17,29,178,10,34,0,17,62,0,1,0,1,1,5,0,0,0,0,0,5,0,3,0,0.138336075,8.27E-05,7.05E-05,4.86E-06,0.106973414,0.043761851,0.002915026,0.000725717,0.001721299,6.56E-05,0.000362251,0.000168969,0.000233397,3.65E-05,1.22E-06,9.97E-05,4.86E-06,2.43E-06,3.65E-06,2.07E-05,3.53E-05,0.000216378,1.22E-05,4.13E-05,0,2.07E-05,7.54E-05,0,1.22E-06,0,1.22E-06,1.22E-06,6.08E-06,0,0,0,0,0,6.08E-06,0,3.65E-06,0,3.53E-05,7.29E-06,0,0,0,0,0,4.86E-06,0,0,0,0.000123992,1.09E-05,0,0,0,5.59E-05,2.43E-05,0,0,0,7.29E-06,2.55E-05,1.22E-06,6.08E-06,1.34E-05,3.65E-06
sector 80,0.426226685,74388,23,9,0,37173,53683,837,277,367,35,172,88,70,40,0,27,28945,93.55,1,0,0,0,2,2,9,13,50,7,0,1,0,24,7,0,0,1,6,3,29,0,0,0,0,0,0,0,3,0,8,1,8,3,2,0,13,24,3,0,1,0,0,2,0,0,0,0,0,6,0,0,0,0.014233848,4.40E-06,1.72E-06,0,0.007112906,0.010272029,0.000160157,5.30E-05,7.02E-05,6.70E-06,3.29E-05,1.68E-05,1.34E-05,7.65E-06,0,5.17E-06,0,5.74E-07,0,1.53E-06,1.91E-07,1.53E-06,5.74E-07,3.83E-07,0,2.49E-06,4.59E-06,5.74E-07,0,1.91E-07,0,0,3.83E-07,0,0,0,0,0,1.15E-06,0,0,0,5.55E-06,0,0,0,0,0,0,1.91E-07,0,0,0,9.57E-06,1.34E-06,0,1.91E-07,0,4.59E-06,1.34E-06,0,0,1.91E-07,1.15E-06,5.74E-07,3.83E-07,3.83E-07,1.72E-06,2.49E-06
sector 84,0.448302714,146800,136,62,1,118000,40000,2776,697,1304,207,440,335,233,37,2,81,62649.3,239.4,2,0,6,0,7,6,13,7,131,9,1,0,0,71,20,1,0,1,8,17,29,14,0,0,0,0,0,2,1,7,25,16,106,22,1,0,35,71,0,1,4,1,1,1,0,0,0,0,0,8,0,0,0,0.109742308,0.000101669,4.63E-05,7.48E-07,0.088212482,0.029902536,0.002075236,0.000521052,0.000974823,0.000154746,0.000328928,0.000250434,0.000174182,2.77E-05,1.50E-06,6.06E-05,1.50E-06,7.48E-07,5.23E-06,1.87E-05,1.20E-05,7.92E-05,1.64E-05,7.48E-07,0,2.62E-05,5.31E-05,0,7.48E-07,2.99E-06,7.48E-07,7.48E-07,7.48E-07,0,0,0,0,0,5.98E-06,0,0,0,2.17E-05,1.05E-05,0,0,0,0,0,1.50E-06,0,4.49E-06,0,9.79E-05,6.73E-06,7.48E-07,0,0,5.31E-05,1.50E-05,7.48E-07,0,7.48E-07,5.98E-06,1.27E-05,5.23E-06,4.49E-06,9.72E-06,5.23E-06
sector 16,0.688513923,1435300,2542,434,31,1023000,589000,62837,11222,44175,2759,3596,2170,2511,496,0,1364,37096.7,223.6,0,31,0,0,62,124,806,310,5301,155,0,31,0,3410,372,0,0,186,248,899,682,0,0,0,0,0,0,0,2,0,2,1,2,1,0,0,2,6,0,1,0,0,0,0,0,0,0,0,0,1,0,0,0,0.576327147,0.001020709,0.000174267,1.24E-05,0.410773128,0.236505741,0.025231428,0.004506057,0.017737931,0.001107843,0.00144393,0.000871337,0.001008261,0.000199163,0,0.000547698,0,8.03E-07,0,8.03E-07,4.02E-07,8.03E-07,4.02E-07,0,0,8.03E-07,2.41E-06,0,4.02E-07,0,0,0,0,0,0,0,0,0,4.02E-07,0,0,0,0.000273849,0,0,0,0,0,0,0,1.24E-05,0,0,0.002128552,6.22E-05,0,1.24E-05,0,0.001369244,0.000149372,0,0,7.47E-05,9.96E-05,0.000360982,2.49E-05,4.98E-05,0.000323639,0.000124477
sector 27,0.366971996,40600,24,22,1,22000,27000,805,226,389,72,106,47,71,12,0,81,24128.3,68.5,2,0,1,0,0,1,5,1,34,1,0,0,0,23,5,0,0,0,4,1,11,0,0,0,0,0,0,0,4,0,2,2,2,0,0,0,4,6,0,0,0,0,0,0,0,0,0,0,0,0,0,0,0,0.037153311,2.20E-05,2.01E-05,9.15E-07,0.020132336,0.024707867,0.00073666,0.000206814,0.000355976,6.59E-05,9.70E-05,4.30E-05,6.50E-05,1.10E-05,0,7.41E-05,0,3.66E-06,0,1.83E-06,1.83E-06,1.83E-06,0,0,0,3.66E-06,5.49E-06,0,0,0,0,0,0,0,0,0,0,0,0,0,0,0,1.01E-05,0,0,0,0,0,0,1.83E-06,0,9.15E-07,0,3.11E-05,9.15E-07,0,0,0,2.10E-05,4.58E-06,0,0,0,3.66E-06,9.15E-07,0,9.15E-07,4.58E-06,9.15E-07
sector 82,1.762916598,183900,115,89,9,131000,76000,3470,1216,1508,211,487,253,282,31,3,125,40693.8,219.8,3,0,3,0,9,7,13,11,154,13,0,5,0,77,26,0,0,2,8,21,40,14,0,0,0,0,0,0,0,1,0,1,1,4,0,0,6,13,0,1,0,0,0,0,0,0,0,0,0,1,0,0,0,0.267212246,0.000167098,0.00012932,1.31E-05,0.190346951,0.110430292,0.005042015,0.001766885,0.002191169,0.000306589,0.000707626,0.000367617,0.000409755,4.50E-05,4.36E-06,0.000181629,0,0,1.45E-06,0,1.45E-06,1.45E-06,5.81E-06,0,0,8.72E-06,1.89E-05,0,1.45E-06,0,0,0,0,0,0,0,0,0,1.45E-06,0,0,0,5.81E-05,2.03E-05,0,0,0,0,0,4.36E-06,0,4.36E-06,0,0.000223767,1.89E-05,0,7.27E-06,0,0.000111883,3.78E-05,0,0,2.91E-06,1.16E-05,3.05E-05,1.31E-05,1.02E-05,1.89E-05,1.60E-05
sector 14,0.697386334,158000,77,19,17,138000,29000,5933,728,4367,229,307,454,155,18,1,100,43664.4,154.5,1,0,0,0,8,5,21,21,71,3,0,0,0,43,7,1,0,3,5,8,18,7,0,0,0,0,0,0,0,0,5,4,5,8,5,0,8,20,1,0,0,0,0,0,0,0,0,0,0,1,0,0,0,0.158591831,7.73E-05,1.91E-05,1.71E-05,0.138516916,0.029108627,0.005955224,0.000730727,0.004383358,0.000229858,0.00030815,0.000455701,0.000155581,1.81E-05,1.00E-06,0.000100375,0,0,0,5.02E-06,4.01E-06,5.02E-06,8.03E-06,5.02E-06,0,8.03E-06,2.01E-05,1.00E-06,0,0,0,0,0,0,0,0,0,0,1.00E-06,0,0,0,1.81E-05,7.03E-06,0,0,0,0,0,1.00E-06,0,0,0,7.13E-05,3.01E-06,0,0,0,4.32E-05,7.03E-06,1.00E-06,0,3.01E-06,5.02E-06,8.03E-06,8.03E-06,5.02E-06,2.11E-05,2.11E-05
sector 6,0.590092712,247389,98,60,16,216373,48079,9322,2514,4862,569,435,391,986,101,3,255,12259.72,75.82,1,1,3,0,5,18,31,6,265,13,0,0,0,147,25,0,0,0,37,41,80,11,0,0,0,0,0,0,0,0,5,1,5,0,1,0,0,3,0,0,1,0,0,1,0,0,0,0,0,2,0,0,0,0.004588757,1.82E-06,1.11E-06,2.97E-07,0.004013449,0.000891805,0.000172911,4.66E-05,9.02E-05,1.06E-05,8.07E-06,7.25E-06,1.83E-05,1.87E-06,5.56E-08,4.73E-06,0,0,0,9.27E-08,1.85E-08,9.27E-08,0,1.85E-08,0,0,5.56E-08,0,0,1.85E-08,0,0,1.85E-08,0,0,0,0,0,3.71E-08,0,0,0,1.48E-06,2.04E-07,0,0,0,0,0,1.85E-08,1.85E-08,5.56E-08,0,4.92E-06,2.41E-07,0,0,0,2.73E-06,4.64E-07,0,0,0,6.86E-07,7.60E-07,9.27E-08,3.34E-07,5.75E-07,1.11E-07
sector 66,0.086439663,40100,8,11,0,33000,10000,198,78,80,17,37,12,11,7,0,11,31564.3,109,0,0,0,0,0,0,3,1,4,0,0,0,0,2,0,0,0,1,0,1,5,1,0,1,0,0,0,1,2,1,17,17,30,6,7,0,11,52,3,1,2,1,0,4,0,0,0,0,0,11,0,0,0,0.029596461,5.90E-06,8.12E-06,0,0.02435619,0.007380664,0.000146137,5.76E-05,5.90E-05,1.25E-05,2.73E-05,8.86E-06,8.12E-06,5.17E-06,0,8.12E-06,7.38E-07,1.48E-06,7.38E-07,1.25E-05,1.25E-05,2.21E-05,4.43E-06,5.17E-06,0,8.12E-06,3.84E-05,2.21E-06,7.38E-07,1.48E-06,7.38E-07,0,2.95E-06,0,0,0,0,0,8.12E-06,0,0,0,3.69E-06,7.38E-07,0,7.38E-07,0,0,0,0,0,0,0,2.95E-06,0,0,0,0,1.48E-06,0,0,0,7.38E-07,0,7.38E-07,0,0,2.21E-06,7.38E-07
sector 42,0.07226121,57058,45,0,1,57058,0,1089,273,631,19,136,91,75,20,8,7,22135,74.4,0,0,0,0,16,10,18,0,43,1,0,0,0,28,6,0,0,1,3,4,39,60,0,0,0,0,0,0,0,0,1,0,0,0,0,0,1,0,0,0,0,0,0,0,0,0,0,0,0,0,0,0,0,0.03720993,2.93E-05,0,6.52E-07,0.03720993,0,0.000710183,0.000178035,0.000411502,1.24E-05,8.87E-05,5.93E-05,4.89E-05,1.30E-05,5.22E-06,4.57E-06,0,0,0,6.52E-07,0,0,0,0,0,6.52E-07,0,0,0,0,0,0,0,0,0,0,0,0,0,0,0,0,2.54E-05,3.91E-05,0,0,0,0,0,0,0,0,0,2.80E-05,6.52E-07,0,0,0,1.83E-05,3.91E-06,0,0,6.52E-07,1.96E-06,2.61E-06,1.04E-05,6.52E-06,1.17E-05,0
sector 88,0.247998209,280000,56,28,0,27552,364000,756,252,308,28,756,140,28,392,0,28,,50,0,0,0,0,0,28,28,28,140,0,0,0,0,140,0,0,0,0,0,0,392,0,0,0,0,0,0,0,0,0,0,0,0,0,0,0,0,0,0,0,0,0,0,0,0,0,0,0,0,0,0,0,0,0.212137665,4.24E-05,2.12E-05,0,0.020874346,0.275778964,0.000572772,0.000190924,0.000233351,2.12E-05,0.000572772,0.000106069,2.12E-05,0.000296993,0,2.12E-05,0,0,0,0,0,0,0,0,0,0,0,0,0,0,0,0,0,0,0,0,0,0,0,0,0,0,0.000296993,0,0,0,0,0,0,0,0,0,0,0.000106069,0,0,0,0,0.000106069,0,0,0,0,0,0,0,2.12E-05,2.12E-05,2.12E-05
sector 83,0.103783568,2609200,1641,1315,474,1672000,1321000,109604,32449,45151,18418,5040,4767,8819,757,33,3595,37808.50313,112.3375,189,124,3,0,7,37,136,112,2299,424,0,2,0,977,397,0,1,4,11,481,599,323,0,0,0,0,0,0,1,1,13,5,27,9,10,0,18,26,1,0,1,0,2,0,0,0,0,0,0,4,0,0,0,1.758339635,0.00110587,0.000886178,0.000319429,1.126760643,0.890221776,0.073862125,0.021867378,0.030427255,0.012411888,0.003396456,0.003212481,0.005943123,0.000510142,2.22E-05,0.00242267,0,6.74E-07,6.74E-07,8.76E-06,3.37E-06,1.82E-05,6.07E-06,6.74E-06,0,1.21E-05,1.75E-05,6.74E-07,0,6.74E-07,0,1.35E-06,0,0,0,0,0,0,2.70E-06,0,0,0,0.000403666,0.00021767,0,0,0,0,0,0.000127367,8.36E-05,2.02E-06,0,0.001549296,0.000285734,0,1.35E-06,0,0.0006584,0.000267538,0,6.74E-07,2.70E-06,7.41E-06,0.000324146,4.72E-06,2.49E-05,9.17E-05,7.55E-05
sector 93,0.184127117,25600,15,2,0,25000,625,1247,364,647,71,64,66,99,13,1,24,16052.5,81.3,0,0,2,0,1,2,10,0,43,5,0,0,0,27,5,0,0,0,0,6,13,5,0,0,0,0,0,0,0,1,3,0,1,1,0,0,3,4,0,0,0,0,0,0,0,0,0,0,0,0,0,0,0,0.019873555,1.16E-05,1.55E-06,0,0.019407769,0.000485194,0.00096806,0.000282577,0.000502273,5.51E-05,4.97E-05,5.12E-05,7.69E-05,1.01E-05,7.76E-07,1.86E-05,0,0,7.76E-07,2.33E-06,0,7.76E-07,7.76E-07,0,0,2.33E-06,3.11E-06,0,0,0,0,0,0,0,0,0,0,0,0,0,0,0,1.01E-05,3.88E-06,0,0,0,0,0,0,0,1.55E-06,0,3.34E-05,3.88E-06,0,0,0,2.10E-05,3.88E-06,0,0,0,0,4.66E-06,7.76E-07,1.55E-06,7.76E-06,0
sector 15,0.647493635,3199600,3321,1970,64,2503000,986323,98474,15501,71978,4269,9018,3986,2740,636,32,2076,37698.93333,216.0818182,6,2,62,0,66,157,319,359,1668,127,0,0,0,738,223,0,0,32,192,323,670,128,0,0,0,0,31,2,0,4,5,7,11,7,1,0,18,42,0,1,1,0,0,0,0,0,0,0,0,2,0,0,0,0.551683199,0.000572615,0.000339672,1.10E-05,0.431573649,0.170064329,0.016979138,0.002672722,0.01241063,0.000736072,0.001554907,0.000687276,0.000472438,0.000109661,5.52E-06,0.000357949,3.45E-07,0,6.90E-07,8.62E-07,1.21E-06,1.90E-06,1.21E-06,1.72E-07,0,3.10E-06,7.24E-06,0,1.72E-07,1.72E-07,0,0,0,0,0,0,0,0,3.45E-07,0,0,0,0.000115523,2.21E-05,0,0,0,0,5.35E-06,1.03E-06,3.45E-07,1.07E-05,0,0.000287601,2.19E-05,0,0,0,0.000127248,3.85E-05,0,0,5.52E-06,3.31E-05,5.57E-05,1.14E-05,2.71E-05,5.50E-05,6.19E-05
sector 54,0.106671742,103400,31,66,4,51000,75000,3314,1132,1642,184,236,101,255,26,0,156,20708.3,89.7,0,1,1,0,0,3,11,3,121,9,0,0,0,70,15,1,0,0,3,23,32,2,0,0,0,0,0,5,17,3,34,16,95,22,31,2,27,110,1,0,2,1,1,4,0,0,0,0,0,5,3,1,0,0.082303836,2.47E-05,5.25E-05,3.18E-06,0.040594735,0.05969814,0.002637862,0.000901044,0.001306991,0.000146459,0.00018785,8.04E-05,0.000202974,2.07E-05,0,0.000124172,3.98E-06,1.35E-05,2.39E-06,2.71E-05,1.27E-05,7.56E-05,1.75E-05,2.47E-05,1.59E-06,2.15E-05,8.76E-05,7.96E-07,0,1.59E-06,7.96E-07,7.96E-07,3.18E-06,0,0,0,0,0,3.98E-06,2.39E-06,7.96E-07,0,2.55E-05,1.59E-06,0,0,0,0,0,0,7.96E-07,7.96E-07,0,9.63E-05,7.16E-06,0,0,0,5.57E-05,1.19E-05,7.96E-07,0,0,2.39E-06,1.83E-05,0,2.39E-06,8.76E-06,2.39E-06
sector 76,0.461021347,147000,72,72,7,119000,40000,4424,1623,1997,155,289,227,422,25,1,253,33525.8,142.6,1,1,2,0,3,4,21,0,179,16,0,0,0,112,23,0,1,0,0,27,20,4,0,0,0,0,0,3,10,5,21,12,39,7,11,0,7,47,2,0,2,0,1,2,0,0,0,0,0,5,0,2,0,0.145308271,7.12E-05,7.12E-05,6.92E-06,0.117630505,0.039539666,0.004373087,0.001604322,0.001974018,0.000153216,0.000285674,0.000224388,0.000417143,2.47E-05,9.88E-07,0.000250088,2.97E-06,9.88E-06,4.94E-06,2.08E-05,1.19E-05,3.86E-05,6.92E-06,1.09E-05,0,6.92E-06,4.65E-05,1.98E-06,0,1.98E-06,0,9.88E-07,1.98E-06,0,0,0,0,0,4.94E-06,0,1.98E-06,0,1.98E-05,3.95E-06,0,0,0,0,0,9.88E-07,9.88E-07,1.98E-06,0,0.00017694,1.58E-05,0,0,0,0.000110711,2.27E-05,0,9.88E-07,0,0,2.67E-05,2.97E-06,3.95E-06,2.08E-05,0
sector 2,0.556382705,60205,29,1,2,58779,3202,1502,333,888,32,118,113,136,32,0,22,11706,34.25,1,2,0,0,4,6,9,4,57,1,1,0,0,37,5,0,0,1,5,7,23,0,0,0,0,0,0,0,0,0,2,0,0,0,1,0,0,2,0,0,0,0,0,1,0,0,0,0,0,1,0,0,0,0.004619003,2.22E-06,7.67E-08,1.53E-07,0.004509598,0.000245661,0.000115235,2.55E-05,6.81E-05,2.46E-06,9.05E-06,8.67E-06,1.04E-05,2.46E-06,0,1.69E-06,0,0,0,1.53E-07,0,0,0,7.67E-08,0,0,1.53E-07,0,0,0,0,0,7.67E-08,0,0,0,0,0,7.67E-08,0,0,0,1.76E-06,0,0,0,0,0,0,7.67E-08,1.53E-07,0,0,4.37E-06,7.67E-08,7.67E-08,0,0,2.84E-06,3.84E-07,0,0,7.67E-08,3.84E-07,5.37E-07,3.07E-07,4.60E-07,6.90E-07,3.07E-07
sector 26,0.741222312,56800,10,7,1,46000,15000,924,258,481,31,134,81,73,22,2,40,46088.6,107.5,0,0,3,0,5,2,9,0,55,3,0,0,0,36,7,0,0,0,3,5,24,11,0,0,0,0,0,0,0,0,0,0,0,0,0,0,0,0,0,0,0,0,0,0,0,0,0,0,0,0,0,0,0,0.070106122,1.23E-05,8.64E-06,1.23E-06,0.056776085,0.018513941,0.001140459,0.00031844,0.00059368,3.83E-05,0.000165391,1.00E-04,9.01E-05,2.72E-05,2.47E-06,4.94E-05,0,0,0,0,0,0,0,0,0,0,0,0,0,0,0,0,0,0,0,0,0,0,0,0,0,0,2.96E-05,1.36E-05,0,0,0,0,0,0,0,3.70E-06,0,6.79E-05,3.70E-06,0,0,0,4.44E-05,8.64E-06,0,0,0,3.70E-06,6.17E-06,6.17E-06,2.47E-06,1.11E-05,0
sector 17,1.231935805,6609200,5146,992,434,5332000,2170000,232128,119040,35712,44826,15500,24366,8184,4092,124,14756,53349.2,209.2,124,248,186,0,434,186,372,1302,2418,62,62,0,0,1426,186,0,186,0,0,434,3968,744,0,0,0,0,0,2,0,1,4,10,9,0,0,0,11,38,0,0,2,0,0,1,0,0,0,0,0,3,0,0,0,0.666367753,0.000518842,0.000100018,4.38E-05,0.537594998,0.218788662,0.023404136,0.012002121,0.003600636,0.004519549,0.001562776,0.002456684,0.000825146,0.000412573,1.25E-05,0.001487763,2.02E-07,0,1.01E-07,4.03E-07,1.01E-06,9.07E-07,0,0,0,1.11E-06,3.83E-06,0,0,2.02E-07,0,0,1.01E-07,0,0,0,0,0,3.02E-07,0,0,0,0.000400071,7.50E-05,0,0,0,0,0,1.25E-05,2.50E-05,1.88E-05,0,0.000243793,6.25E-06,6.25E-06,0,0,0.000143775,1.88E-05,0,1.88E-05,0,0,4.38E-05,4.38E-05,1.88E-05,3.75E-05,0.000131273
sector 78,0.264361263,35700,5,5,2,7971,40000,771,277,380,37,52,32,45,9,1,38,13420,191.7,0,0,0,0,1,0,2,3,33,2,0,0,0,18,6,0,0,1,2,4,7,3,0,0,0,0,0,0,0,0,0,0,0,0,0,0,0,0,0,0,0,0,0,0,0,0,0,0,0,0,0,0,0,0.026850656,3.76E-06,3.76E-06,1.50E-06,0.005995142,0.030084769,0.000579884,0.000208337,0.000285805,2.78E-05,3.91E-05,2.41E-05,3.38E-05,6.77E-06,7.52E-07,2.86E-05,0,0,0,0,0,0,0,0,0,0,0,0,0,0,0,0,0,0,0,0,0,0,0,0,0,0,5.26E-06,2.26E-06,0,0,0,0,0,0,0,0,0,2.48E-05,1.50E-06,0,0,0,1.35E-05,4.51E-06,0,0,7.52E-07,1.50E-06,3.01E-06,7.52E-07,0,1.50E-06,2.26E-06
sector 1,0.311873115,134900,93,27,2,113000,31000,3294,1256,1407,167,336,181,283,27,2,295,40863.4,138,62,34,32,0,36,66,147,32,1310,74,0,0,0,789,262,0,0,2,95,88,564,222,0,0,0,0,0,1,3,5,10,31,56,22,9,0,25,84,2,3,2,1,1,2,0,0,0,0,0,11,0,0,0,0.058021829,4.00E-05,1.16E-05,8.60E-07,0.048602422,0.013333408,0.001416782,0.000540218,0.000605165,7.18E-05,0.000144517,7.78E-05,0.000121721,1.16E-05,8.60E-07,0.000126882,4.30E-07,1.29E-06,2.15E-06,4.30E-06,1.33E-05,2.41E-05,9.46E-06,3.87E-06,0,1.08E-05,3.61E-05,8.60E-07,1.29E-06,8.60E-07,4.30E-07,4.30E-07,8.60E-07,0,0,0,0,0,4.73E-06,0,0,0,0.000242582,9.55E-05,0,0,0,0,0,2.67E-05,1.46E-05,1.38E-05,0,0.000563444,3.18E-05,0,0,0,0.000339357,0.000112689,0,0,8.60E-07,4.09E-05,3.78E-05,1.55E-05,2.84E-05,6.32E-05,1.38E-05
sector 33,0.996232578,108100,42,67,10,57000,72000,2514,715,913,421,403,220,245,14,2,75,50848.6,184.8,3,2,1,0,1,1,10,7,109,33,0,3,0,32,13,0,0,0,6,22,13,12,0,0,1,0,0,1,8,2,27,16,79,10,10,1,30,80,0,3,1,0,1,1,0,0,0,0,0,4,0,2,0,0.199280856,7.74E-05,0.000123514,1.84E-05,0.105078712,0.132731005,0.004634524,0.001318093,0.001683103,0.000776108,0.000742925,0.000405567,0.000451654,2.58E-05,3.69E-06,0.000138261,1.84E-06,1.47E-05,3.69E-06,4.98E-05,2.95E-05,0.000145635,1.84E-05,1.84E-05,1.84E-06,5.53E-05,0.000147479,0,5.53E-06,1.84E-06,0,1.84E-06,1.84E-06,0,0,0,0,0,7.37E-06,0,3.69E-06,0,2.40E-05,2.21E-05,0,0,1.84E-06,0,0,5.53E-06,3.69E-06,1.84E-06,0,0.00020094,6.08E-05,0,5.53E-06,0,5.90E-05,2.40E-05,0,0,0,1.11E-05,4.06E-05,1.84E-06,1.84E-06,1.84E-05,1.29E-05
sector 96,0.983633992,141200,50,138,13,60000,116000,6869,1851,3337,456,572,494,731,30,5,320,56636.2,371.6,21,11,2,0,5,5,17,7,229,44,0,3,0,102,25,1,4,2,7,41,24,28,0,0,0,0,0,2,3,4,113,106,622,25,109,0,33,106,1,2,2,0,3,5,0,1,1,3,0,8,0,0,0,0.27210989,9.64E-05,0.000265943,2.51E-05,0.115627432,0.223546369,0.013237414,0.003567106,0.006430812,0.000878768,0.001102315,0.000951999,0.001408728,5.78E-05,9.64E-06,0.00061668,3.85E-06,5.78E-06,7.71E-06,0.000217765,0.000204275,0.001198671,4.82E-05,0.000210057,0,6.36E-05,0.000204275,1.93E-06,3.85E-06,3.85E-06,0,5.78E-06,9.64E-06,0,1.93E-06,1.93E-06,5.78E-06,0,1.54E-05,0,0,0,4.63E-05,5.40E-05,0,0,0,0,0,4.05E-05,2.12E-05,3.85E-06,0,0.000441311,8.48E-05,0,5.78E-06,0,0.000196567,4.82E-05,1.93E-06,7.71E-06,3.85E-06,1.35E-05,7.90E-05,9.64E-06,9.64E-06,3.28E-05,1.35E-05
sector 18,0.419606854,420977,226,198,27,275175,245293,18848,6099,9669,1033,1225,633,1414,235,3,599,15742.3,73.7,10,6,2,0,13,33,81,28,693,26,1,1,0,400,86,1,0,2,46,127,219,15,0,0,0,0,0,4,0,2,35,21,77,3,20,0,14,55,0,1,1,0,0,7,0,0,0,0,0,8,1,0,0,0.00842579,4.52E-06,3.96E-06,5.40E-07,0.005507586,0.004909502,0.00037724,0.000122071,0.000193524,2.07E-05,2.45E-05,1.27E-05,2.83E-05,4.70E-06,6.00E-08,1.20E-05,8.01E-08,0,4.00E-08,7.01E-07,4.20E-07,1.54E-06,6.00E-08,4.00E-07,0,2.80E-07,1.10E-06,0,2.00E-08,2.00E-08,0,0,1.40E-07,0,0,0,0,0,1.60E-07,2.00E-08,0,0,4.38E-06,3.00E-07,0,0,0,0,0,2.00E-07,1.20E-07,4.00E-08,0,1.39E-05,5.20E-07,2.00E-08,2.00E-08,0,8.01E-06,1.72E-06,2.00E-08,0,4.00E-08,9.21E-07,2.54E-06,2.60E-07,6.60E-07,1.62E-06,5.60E-07
sector 46,0.404451919,358259,242,149,21,292659,99256,9896,2527,5241,711,736,617,800,147,5,409,16191.48,115.3,1,0,2,0,1,14,17,3,90,1,0,0,0,52,7,0,0,0,19,11,107,4,0,0,0,0,0,0,0,0,9,2,62,0,5,0,6,9,1,0,1,0,0,2,0,0,0,0,0,4,0,0,0,0.010805636,7.30E-06,4.49E-06,6.33E-07,0.008827041,0.002993712,0.000298478,7.62E-05,0.000158077,2.14E-05,2.22E-05,1.86E-05,2.41E-05,4.43E-06,1.51E-07,1.23E-05,0,0,0,2.71E-07,6.03E-08,1.87E-06,0,1.51E-07,0,1.81E-07,2.71E-07,3.02E-08,0,3.02E-08,0,0,6.03E-08,0,0,0,0,0,1.21E-07,0,0,0,3.23E-06,1.21E-07,0,0,0,0,0,3.02E-08,0,6.03E-08,0,2.71E-06,3.02E-08,0,0,0,1.57E-06,2.11E-07,0,0,0,5.73E-07,3.32E-07,3.02E-08,4.22E-07,5.13E-07,9.05E-08
sector 73,0.389392419,231500,120,103,7,177000,79000,3901,1058,1791,301,540,378,373,36,2,121,50788.5,207.5,3,0,4,0,6,5,16,12,185,17,1,1,0,105,28,0,1,2,13,15,29,7,0,0,0,0,0,2,11,3,77,31,253,42,44,2,21,73,0,4,0,1,3,2,0,0,0,0,0,8,1,1,0,0.395305272,0.00020491,0.000175881,1.20E-05,0.302242044,0.134898991,0.006661278,0.001806622,0.00305828,0.000513982,0.000922094,0.000645466,0.000636928,6.15E-05,3.42E-06,0.000206617,3.42E-06,1.88E-05,5.12E-06,0.000131484,5.29E-05,0.000432018,7.17E-05,7.51E-05,3.42E-06,3.59E-05,0.000124653,0,6.83E-06,0,1.71E-06,5.12E-06,3.42E-06,0,0,0,0,0,1.37E-05,1.71E-06,1.71E-06,0,4.95E-05,1.20E-05,0,0,0,0,0,5.12E-06,0,6.83E-06,0,0.000315903,2.90E-05,1.71E-06,1.71E-06,0,0.000179296,4.78E-05,0,1.71E-06,3.42E-06,2.22E-05,2.56E-05,1.02E-05,8.54E-06,2.73E-05,2.05E-05
sector 39,0.426547159,266183,180,78,14,200004,109475,13080,3912,7222,552,823,520,874,102,2,361,26278.4,110.75,9,10,5,0,15,29,50,26,463,33,0,2,0,273,64,0,1,3,19,65,88,24,0,0,0,0,0,0,0,0,0,0,0,0,0,0,0,0,0,0,0,0,0,0,0,0,0,0,0,0,0,0,0,0.011419754,7.72E-06,3.35E-06,6.01E-07,0.00858055,0.004696684,0.000561157,0.000167832,0.000309837,2.37E-05,3.53E-05,2.23E-05,3.75E-05,4.38E-06,8.58E-08,1.55E-05,0,0,0,0,0,0,0,0,0,0,0,0,0,0,0,0,0,0,0,0,0,0,0,0,0,0,3.78E-06,1.03E-06,0,0,0,0,0,3.86E-07,4.29E-07,2.15E-07,0,1.99E-05,1.42E-06,0,8.58E-08,0,1.17E-05,2.75E-06,0,4.29E-08,1.29E-07,8.15E-07,2.79E-06,6.44E-07,1.24E-06,2.15E-06,1.12E-06
sector 44,0.84874964,200200,169,51,7,175000,36000,4034,1066,2023,139,471,328,478,30,3,178,36208.7,154.8,7,5,3,0,7,10,24,7,158,20,0,0,0,96,23,0,0,1,5,13,32,11,0,0,0,0,0,3,9,1,20,9,43,18,17,0,16,63,0,0,2,0,1,1,0,0,0,0,0,2,0,2,0,0.205840998,0.000173762,5.24E-05,7.20E-06,0.179930943,0.037014365,0.004147665,0.001096036,0.002080002,0.000142917,0.000484271,0.000337242,0.000491469,3.08E-05,3.08E-06,0.000183015,3.08E-06,9.25E-06,1.03E-06,2.06E-05,9.25E-06,4.42E-05,1.85E-05,1.75E-05,0,1.65E-05,6.48E-05,0,0,2.06E-06,0,1.03E-06,1.03E-06,0,0,0,0,0,2.06E-06,0,2.06E-06,0,3.29E-05,1.13E-05,0,0,0,0,0,7.20E-06,5.14E-06,3.08E-06,0,0.000162452,2.06E-05,0,0,0,9.87E-05,2.36E-05,0,0,1.03E-06,5.14E-06,1.34E-05,7.20E-06,1.03E-05,2.47E-05,7.20E-06
sector 90,0.418936245,5356800,4309,4185,465,4123000,1767000,134199,42749,66278,7533,8649,9269,8370,1302,31,9331,17486.6,145.6,124,93,93,0,93,186,403,93,6014,248,0,62,124,3410,930,0,31,31,186,992,1240,186,0,0,0,0,0,2,2,9,28,44,169,25,32,0,26,57,1,2,7,0,2,5,1,0,0,0,0,18,0,0,0,3.983530224,0.003204344,0.003112133,0.000345793,3.066027314,1.314011706,0.099795731,0.031789862,0.049286965,0.005601839,0.006431742,0.006892798,0.006224266,0.000968219,2.31E-05,0.006938904,1.49E-06,1.49E-06,6.69E-06,2.08E-05,3.27E-05,0.000125675,1.86E-05,2.38E-05,0,1.93E-05,4.24E-05,7.44E-07,1.49E-06,5.21E-06,0,1.49E-06,3.72E-06,7.44E-07,0,0,0,0,1.34E-05,0,0,0,0.000922113,0.000138317,0,0,0,0,0,9.22E-05,6.92E-05,6.92E-05,0,0.00447225,0.000184423,0,4.61E-05,9.22E-05,0.002535812,0.000691585,0,2.31E-05,2.31E-05,0.000138317,0.000737691,6.92E-05,0.000138317,0.000299687,6.92E-05
sector 91,0.19367073,83400,46,22,4,66000,25000,3677,936,2026,190,201,206,319,33,0,98,31681.6,59.6,3,3,1,0,5,3,14,2,136,6,0,0,0,86,20,0,0,0,1,23,33,1,0,0,0,0,0,0,0,0,4,3,8,1,2,0,6,9,0,0,2,0,0,1,0,0,0,0,0,3,0,0,0,0.063519222,3.50E-05,1.68E-05,3.05E-06,0.05026701,0.019040534,0.002800482,0.000712878,0.001543045,0.000144708,0.000153086,0.000156894,0.000242957,2.51E-05,0,7.46E-05,0,0,0,3.05E-06,2.28E-06,6.09E-06,7.62E-07,1.52E-06,0,4.57E-06,6.85E-06,0,0,1.52E-06,0,0,7.62E-07,0,0,0,0,0,2.28E-06,0,0,0,2.51E-05,7.62E-07,0,0,0,0,0,2.28E-06,2.28E-06,7.62E-07,0,0.000103581,4.57E-06,0,0,0,6.55E-05,1.52E-05,0,0,0,7.62E-07,1.75E-05,3.81E-06,2.28E-06,1.07E-05,1.52E-06
sector 5,0.964502136,1162500,341,310,62,682000,682000,20274,5549,3441,10075,8091,155,1054,403,62,589,18628,256.5,0,31,0,0,0,0,31,0,248,31,0,0,0,186,31,0,0,0,0,0,372,527,0,0,589,0,93,0,0,0,0,0,0,0,0,0,0,0,0,0,0,0,0,0,0,0,0,0,0,0,0,0,0,1.134265534,0.000332718,0.000302471,6.05E-05,0.66543578,0.66543578,0.019781591,0.005414227,0.003357426,0.009830301,0.007894488,0.000151235,0.001028401,0.000393212,6.05E-05,0.000574695,0,0,0,0,0,0,0,0,0,0,0,0,0,0,0,0,0,0,0,0,0,0,0,0,0,0,0.000362965,0.0005142,0,0,0.000574695,0,9.07E-05,0,3.02E-05,0,0,0.000241977,3.02E-05,0,0,0,0.000181482,3.02E-05,0,0,0,0,0,0,0,3.02E-05,0
sector 38,0.366052344,149500,86,21,1,115000,49000,2697,812,1357,83,208,191,254,36,1,119,34794.7,132.6,0,1,2,0,3,7,19,2,136,10,0,0,0,80,20,0,0,2,6,18,27,3,0,0,0,0,0,4,2,3,19,20,48,8,19,0,16,37,1,1,3,2,1,2,0,0,0,0,0,8,2,0,0,0.149273161,8.59E-05,2.10E-05,9.98E-07,0.114825508,0.048925651,0.002692908,0.000810768,0.001354941,8.29E-05,0.000207684,0.00019071,0.000253615,3.59E-05,9.98E-07,0.000118819,3.99E-06,2.00E-06,3.00E-06,1.90E-05,2.00E-05,4.79E-05,7.99E-06,1.90E-05,0,1.60E-05,3.69E-05,9.98E-07,9.98E-07,3.00E-06,2.00E-06,9.98E-07,2.00E-06,0,0,0,0,0,7.99E-06,2.00E-06,0,0,2.70E-05,3.00E-06,0,0,0,0,0,0,9.98E-07,2.00E-06,0,0.000135794,9.98E-06,0,0,0,7.99E-05,2.00E-05,0,0,2.00E-06,5.99E-06,1.80E-05,3.00E-06,6.99E-06,1.90E-05,2.00E-06
sector 86,0.730011884,2678400,1426,155,93,2542000,201872,38564,13826,13268,3813,3255,4557,3100,837,62,1984,43348.3,153.7,0,0,31,0,124,217,217,62,1860,341,0,0,0,1023,248,0,0,0,93,155,930,310,0,0,0,0,0,0,0,0,0,0,0,0,0,0,0,0,0,0,0,0,0,0,0,0,0,0,0,0,0,0,0,2.589030282,0.001378419,0.000149828,8.99E-05,2.457181518,0.195136171,0.037277242,0.01336467,0.012825289,0.003685772,0.003146391,0.004404947,0.002996563,0.000809072,5.99E-05,0.0019178,0,0,0,0,0,0,0,0,0,0,0,0,0,0,0,0,0,0,0,0,0,0,0,0,0,0,0.000898969,0.000299656,0,0,0,0,0,0,0,3.00E-05,0,0.001797938,0.000329622,0,0,0,0.000988866,0.000239725,0,0,0,8.99E-05,0.000149828,0.000119863,0.000209759,0.000209759,5.99E-05
sector 55,0.720470709,1319184,501,309,82,1067821,481580,48221,12323,27398,2478,2301,1866,4156,334,8,1389,13233.32222,65.08181818,7,10,12,0,23,39,161,18,1897,108,0,2,0,1230,187,1,0,9,70,280,310,38,0,3,4,0,0,15,10,7,75,18,213,25,41,0,36,126,4,0,8,3,1,11,0,0,0,0,0,24,3,0,0,0.018489372,7.02E-06,4.33E-06,1.15E-06,0.014966327,0.006749712,0.000675854,0.000172716,0.000384004,3.47E-05,3.23E-05,2.62E-05,5.82E-05,4.68E-06,1.12E-07,1.95E-05,2.10E-07,1.40E-07,9.81E-08,1.05E-06,2.52E-07,2.99E-06,3.50E-07,5.75E-07,0,5.05E-07,1.77E-06,5.61E-08,0,1.12E-07,4.20E-08,1.40E-08,1.54E-07,0,0,0,0,0,3.36E-07,4.20E-08,0,0,4.34E-06,5.33E-07,0,4.20E-08,5.61E-08,0,0,9.81E-08,1.40E-07,1.68E-07,0,2.66E-05,1.51E-06,0,2.80E-08,0,1.72E-05,2.62E-06,1.40E-08,0,1.26E-07,9.81E-07,3.92E-06,3.22E-07,5.47E-07,2.26E-06,2.52E-07
sector 13,0.719334626,7836800,5983,4030,620,6014000,2635000,195238,58404,106888,11687,18445,7502,10757,2294,31,10075,27251.2,122.1,124,0,93,0,186,372,775,310,10602,899,31,0,0,5890,1209,0,0,31,558,1922,2418,465,0,0,31,0,217,6,14,8,31,35,165,16,40,1,22,89,1,0,3,0,2,2,0,0,0,0,0,5,0,3,0,3.163556739,0.002415215,0.001626829,0.000250281,2.42772946,1.063695897,0.078813609,0.023576507,0.043148511,0.004717804,0.007445871,0.003028405,0.004342382,0.000926041,1.25E-05,0.004067073,2.42E-06,5.65E-06,3.23E-06,1.25E-05,1.41E-05,6.66E-05,6.46E-06,1.61E-05,4.04E-07,8.88E-06,3.59E-05,4.04E-07,0,1.21E-06,0,8.07E-07,8.07E-07,0,0,0,0,0,2.02E-06,0,1.21E-06,0,0.000976097,0.000187711,0,0,1.25E-05,0,8.76E-05,5.01E-05,0,3.75E-05,0,0.004279812,0.000362908,1.25E-05,0,0,0.002377673,0.000488049,0,0,1.25E-05,0.000225253,0.000775872,7.51E-05,0.000150169,0.000312852,0.000125141
sector 69,0.557064812,805884,626,309,33,702783,185916,24138,6853,12400,1278,1961,1371,2236,321,9,736,11867.76667,36.5,13,10,7,0,27,37,96,21,155,7,0,0,0,80,18,0,0,3,34,13,245,35,4,0,10,0,0,0,0,2,4,1,10,0,0,0,1,3,0,0,0,0,0,0,0,0,0,0,0,0,0,0,0,0.01417884,1.10E-05,5.44E-06,5.81E-07,0.012364866,0.003271033,0.000424687,0.000120573,0.000218167,2.25E-05,3.45E-05,2.41E-05,3.93E-05,5.65E-06,1.58E-07,1.29E-05,0,0,3.52E-08,7.04E-08,1.76E-08,1.76E-07,0,0,0,1.76E-08,5.28E-08,0,0,0,0,0,0,0,0,0,0,0,0,0,0,0,4.31E-06,6.16E-07,7.04E-08,0,1.76E-07,0,0,2.29E-07,1.76E-07,1.23E-07,0,2.73E-06,1.23E-07,0,0,0,1.41E-06,3.17E-07,0,0,5.28E-08,5.98E-07,2.29E-07,4.75E-07,6.51E-07,1.69E-06,3.69E-07
sector 62,0.347449497,13200,3,0,0,13000,911,109,39,31,5,18,16,18,8,1,0,37706,,0,0,0,0,0,0,0,1,0,0,0,0,0,0,0,0,0,0,0,0,6,0,0,0,0,0,0,0,0,0,0,0,1,0,0,0,1,0,0,0,0,0,0,0,0,0,0,0,0,0,0,0,0,0.010630093,2.42E-06,0,0,0.010469031,0.000733637,8.78E-05,3.14E-05,2.50E-05,4.03E-06,1.45E-05,1.29E-05,1.45E-05,6.44E-06,8.05E-07,0,0,0,0,0,0,8.05E-07,0,0,0,8.05E-07,0,0,0,0,0,0,0,0,0,0,0,0,0,0,0,0,4.83E-06,0,0,0,0,0,0,0,0,0,0,0,0,0,0,0,0,0,0,0,0,0,0,0,0,0,8.05E-07
sector 4,0.128257493,966,2,0,0,966,0,3,0,1,1,2,0,1,2,0,0,,,0,0,0,0,0,0,0,0,0,0,0,0,0,0,0,0,0,0,0,0,0,0,0,0,0,0,0,0,0,0,0,0,0,0,0,0,2,2,1,0,0,0,0,0,0,0,0,0,0,1,0,0,0,0.000756944,1.57E-06,0,0,0.000756944,0,2.35E-06,0,7.84E-07,7.84E-07,1.57E-06,0,7.84E-07,1.57E-06,0,0,0,0,0,0,0,0,0,0,0,1.57E-06,1.57E-06,7.84E-07,0,0,0,0,0,0,0,0,0,0,7.84E-07,0,0,0,0,0,0,0,0,0,0,0,0,0,0,0,0,0,0,0,0,0,0,0,0,0,0,0,0,0,0
sector 24,0.22791401,260173,112,105,5,168361,175588,8421,3798,3040,519,726,489,575,110,4,335,60924.65,113.6333333,10,2,4,0,8,16,39,27,298,10,1,2,0,200,20,0,0,3,15,45,117,18,0,0,0,0,0,3,6,1,10,8,24,4,4,2,22,69,0,1,1,1,0,4,0,0,0,0,0,6,1,0,0,0.05043914,2.17E-05,2.04E-05,9.69E-07,0.032639759,0.034040841,0.00163256,0.00073631,0.000589358,0.000100617,0.000140748,9.48E-05,0.000111474,2.13E-05,7.75E-07,6.49E-05,5.82E-07,1.16E-06,1.94E-07,1.94E-06,1.55E-06,4.65E-06,7.75E-07,7.75E-07,3.88E-07,4.27E-06,1.34E-05,0,1.94E-07,1.94E-07,1.94E-07,0,7.75E-07,0,0,0,0,0,1.16E-06,1.94E-07,0,0,2.27E-05,3.49E-06,0,0,0,0,0,1.94E-06,3.88E-07,7.75E-07,0,5.78E-05,1.94E-06,1.94E-07,3.88E-07,0,3.88E-05,3.88E-06,0,0,5.82E-07,2.91E-06,8.72E-06,1.55E-06,3.10E-06,7.56E-06,5.23E-06
sector 50,0.489665846,361653,148,114,13,295000,96692,6540,1811,3124,466,689,525,614,77,4,162,22359.325,98.525,5,1,4,0,8,13,25,21,314,25,0,2,0,185,41,0,1,5,21,30,78,23,0,0,0,0,0,0,2,0,3,1,0,0,1,0,0,5,0,0,0,0,0,0,0,0,0,0,0,0,0,0,0,0.021414986,8.76E-06,6.75E-06,7.70E-07,0.017468183,0.005725537,0.000387261,0.000107237,0.000184985,2.76E-05,4.08E-05,3.11E-05,3.64E-05,4.56E-06,2.37E-07,9.59E-06,0,1.18E-07,0,1.78E-07,5.92E-08,0,0,5.92E-08,0,0,2.96E-07,0,0,0,0,0,0,0,0,0,0,0,0,0,0,0,4.62E-06,1.36E-06,0,0,0,0,0,2.96E-07,5.92E-08,2.37E-07,0,1.86E-05,1.48E-06,0,1.18E-07,0,1.10E-05,2.43E-06,0,5.92E-08,2.96E-07,1.24E-06,1.78E-06,4.74E-07,7.70E-07,1.48E-06,1.24E-06
sector 32,0.331823788,892100,374,103,0,646000,364544,23662,8303,9542,2858,1796,1946,1013,539,0,810,12379.02439,56.28780488,0,0,0,0,30,51,163,10,910,41,0,0,0,624,164,0,0,0,61,20,428,10,0,0,0,0,0,0,0,0,0,0,0,0,0,0,0,0,0,0,0,0,0,0,0,0,0,0,0,0,0,0,0,0.341271524,0.000143073,3.94E-05,0,0.247126336,0.139455763,0.009051863,0.0031763,0.003650278,0.001093324,0.000687057,0.000744439,0.000387522,0.000206194,0,0.000309864,0,0,0,0,0,0,0,0,0,0,0,0,0,0,0,0,0,0,0,0,0,0,0,0,0,0,0.000163731,3.83E-06,0,0,0,0,0,0,0,0,0,0.000348119,1.57E-05,0,0,0,0.00023871,6.27E-05,0,0,0,2.33E-05,7.65E-06,1.15E-05,1.95E-05,6.24E-05,3.83E-06
sector 7,0.977489902,8118900,4061,1519,186,6649314,2073187,132277,32364,65069,5456,12834,17825,11563,2852,0,6231,25922.98,54.58,155,31,0,0,186,341,1240,124,9765,775,0,0,0,4743,2263,0,31,0,403,1550,2418,0,0,0,0,0,0,4,6,4,17,12,60,18,19,0,18,46,0,0,1,2,0,1,0,0,0,0,0,2,0,2,0,1.26111103,0.000630796,0.000235947,2.89E-05,1.032839822,0.322028722,0.020546624,0.005027109,0.010107186,0.000847482,0.001993509,0.002768762,0.001796084,0.000443002,0,0.000967863,6.21E-07,9.32E-07,6.21E-07,2.64E-06,1.86E-06,9.32E-06,2.80E-06,2.95E-06,0,2.80E-06,7.15E-06,0,0,1.55E-07,3.11E-07,0,1.55E-07,0,0,0,0,0,3.11E-07,0,3.11E-07,0,0.000375589,0,0,0,0,0,0,2.41E-05,4.82E-06,0,0,0.0015168,0.000120381,0,0,0,0.000736732,0.000351512,0,4.82E-06,0,6.26E-05,0.000240762,2.89E-05,5.30E-05,0.00019261,1.93E-05
sector 67,0.451981461,1054616,742,463,53,856672,332741,28133,6791,15753,1694,2362,1758,2137,279,12,872,18982.66,87.45,42,13,22,0,50,65,142,86,1176,86,2,13,0,649,188,0,6,17,75,130,330,87,0,0,0,0,0,1,0,1,12,3,27,0,7,0,0,12,0,0,2,0,0,1,0,0,0,0,0,3,0,0,0,0.022920251,1.61E-05,1.01E-05,1.15E-06,0.018618282,0.007231549,0.000611422,0.000147591,0.000342364,3.68E-05,5.13E-05,3.82E-05,4.64E-05,6.06E-06,2.61E-07,1.90E-05,2.17E-08,0,2.17E-08,2.61E-07,6.52E-08,5.87E-07,0,1.52E-07,0,0,2.61E-07,0,0,4.35E-08,0,0,2.17E-08,0,0,0,0,0,6.52E-08,0,0,0,7.17E-06,1.89E-06,0,0,0,0,0,9.13E-07,2.83E-07,4.78E-07,0,2.56E-05,1.87E-06,4.35E-08,2.83E-07,0,1.41E-05,4.09E-06,0,1.30E-07,3.69E-07,1.63E-06,2.83E-06,1.09E-06,1.41E-06,3.09E-06,1.87E-06
sector 49,0.542349345,5183,5,3,0,4922,521,1156,390,540,63,108,48,115,42,0,2,10570,20,0,0,3,0,5,6,5,0,48,0,0,0,0,28,4,0,0,1,13,2,45,0,0,0,0,0,0,0,0,0,0,0,0,0,0,0,0,0,0,0,0,0,0,0,0,0,0,0,0,0,0,0,0,0.000105399,1.02E-07,6.10E-08,0,0.000100091,1.06E-05,2.35E-05,7.93E-06,1.10E-05,1.28E-06,2.20E-06,9.76E-07,2.34E-06,8.54E-07,0,4.07E-08,0,0,0,0,0,0,0,0,0,0,0,0,0,0,0,0,0,0,0,0,0,0,0,0,0,0,9.15E-07,0,0,0,0,0,0,0,0,6.10E-08,0,9.76E-07,0,0,0,0,5.69E-07,8.13E-08,0,0,2.03E-08,2.64E-07,4.07E-08,1.02E-07,1.22E-07,1.02E-07,0
sector 12,0.395449661,11300,1,3,1,3163,12000,407,173,181,18,9,11,24,3,0,5,,63.2,2,0,1,0,1,0,6,2,55,2,0,0,0,37,3,0,0,0,1,12,31,0,0,0,0,0,0,1,0,0,2,1,3,0,0,0,0,3,1,0,0,0,0,0,0,0,0,0,0,1,0,0,0,0.00452039,4.00E-07,1.20E-06,4.00E-07,0.001265309,0.004800414,0.000162814,6.92E-05,7.24E-05,7.20E-06,3.60E-06,4.40E-06,9.60E-06,1.20E-06,0,2.00E-06,4.00E-07,0,0,8.00E-07,4.00E-07,1.20E-06,0,0,0,0,1.20E-06,4.00E-07,0,0,0,0,0,0,0,0,0,0,4.00E-07,0,0,0,1.24E-05,0,0,0,0,0,0,8.00E-07,0,4.00E-07,0,2.20E-05,8.00E-07,0,0,0,1.48E-05,1.20E-06,0,0,0,4.00E-07,4.80E-06,4.00E-07,0,2.40E-06,8.00E-07
sector 34,0.533658419,1019900,775,465,155,713000,403000,39835,8742,12648,14508,2480,744,3193,155,0,1054,25577.5,98.3,0,31,0,0,0,0,155,0,1364,31,0,0,0,868,155,0,0,0,31,279,186,0,0,0,0,0,31,0,2,2,10,14,27,3,16,0,11,26,0,0,2,0,2,0,0,0,0,0,0,4,0,0,0,0.837311948,0.000636255,0.000381753,0.000127251,0.585354858,0.330852746,0.032703521,0.00717696,0.010383686,0.011910699,0.002036017,0.000610805,0.002621372,0.000127251,0,0.000865307,0,1.64E-06,1.64E-06,8.21E-06,1.15E-05,2.22E-05,2.46E-06,1.31E-05,0,9.03E-06,2.13E-05,0,0,1.64E-06,0,1.64E-06,0,0,0,0,0,0,3.28E-06,0,0,0,0.000152701,0,0,0,0,0,2.55E-05,0,2.55E-05,0,0,0.001119809,2.55E-05,0,0,0,0.000712606,0.000127251,0,0,0,2.55E-05,0.000229052,0,0,0.000127251,0
sector 40,0.638865735,201600,183,61,14,175000,38000,5847,1759,2772,219,600,485,612,30,2,291,38055.5,245.2,10,2,1,0,14,9,31,12,190,21,0,0,0,111,33,0,1,2,4,15,29,15,0,0,0,0,0,0,0,0,0,0,0,0,0,0,0,0,0,0,0,0,0,0,0,0,0,0,0,0,0,0,0,0.302038583,0.000274172,9.14E-05,2.10E-05,0.26218627,0.056931876,0.008760018,0.002635347,0.004153031,0.000328107,0.000898924,0.000726631,0.000916903,4.49E-05,3.00E-06,0.000435978,0,0,0,0,0,0,0,0,0,0,0,0,0,0,0,0,0,0,0,0,0,0,0,0,0,0,4.34E-05,2.25E-05,0,0,0,0,0,1.50E-05,3.00E-06,1.50E-06,0,0.000284659,3.15E-05,0,0,0,0.000166301,4.94E-05,0,1.50E-06,3.00E-06,5.99E-06,2.25E-05,2.10E-05,1.35E-05,4.64E-05,1.80E-05
sector 60,0.657434441,195531,104,68,21,116302,150676,9783,3298,4776,639,707,383,687,202,3,252,13687.61667,77.6,2,5,2,0,18,26,52,5,352,26,0,0,0,177,47,1,0,0,39,61,181,17,2,0,4,0,0,1,0,5,13,12,35,2,10,0,9,41,0,0,0,0,1,3,0,0,0,0,0,4,0,0,0,0.004688272,2.49E-06,1.63E-06,5.04E-07,0.002788588,0.003612778,0.000234568,7.91E-05,0.000114515,1.53E-05,1.70E-05,9.18E-06,1.65E-05,4.84E-06,7.19E-08,6.04E-06,2.40E-08,0,1.20E-07,3.12E-07,2.88E-07,8.39E-07,4.80E-08,2.40E-07,0,2.16E-07,9.83E-07,0,0,0,0,2.40E-08,7.19E-08,0,0,0,0,0,9.59E-08,0,0,0,4.34E-06,4.08E-07,4.80E-08,0,9.59E-08,0,0,4.80E-08,1.20E-07,4.80E-08,0,8.44E-06,6.23E-07,0,0,0,4.24E-06,1.13E-06,2.40E-08,0,0,9.35E-07,1.46E-06,4.32E-07,6.23E-07,1.25E-06,1.20E-07
sector 70,0.572892627,58987,117,9,4,41811,33670,2371,888,1174,93,147,62,154,70,0,43,11893.75,66.3,0,0,0,0,5,4,11,1,121,4,0,0,0,70,10,0,0,0,18,18,74,0,0,0,0,0,0,0,0,0,4,0,8,1,0,0,4,2,0,0,0,0,0,0,0,0,0,0,0,0,0,0,0,0.001609211,3.19E-06,2.46E-07,1.09E-07,0.001140637,0.000918544,6.47E-05,2.42E-05,3.20E-05,2.54E-06,4.01E-06,1.69E-06,4.20E-06,1.91E-06,0,1.17E-06,0,0,0,1.09E-07,0,2.18E-07,2.73E-08,0,0,1.09E-07,5.46E-08,0,0,0,0,0,0,0,0,0,0,0,0,0,0,0,2.02E-06,0,0,0,0,0,0,0,0,0,0,3.30E-06,1.09E-07,0,0,0,1.91E-06,2.73E-07,0,0,0,4.91E-07,4.91E-07,1.36E-07,1.09E-07,3.00E-07,2.73E-08
sector 59,1.981080741,5275600,2728,1116,112,4288000,1637120,100304,22520,59224,7988,5208,5016,5556,1248,0,3120,23015.14,81.64,80,20,60,0,80,248,524,68,3668,192,20,0,8,2280,508,0,0,20,320,300,860,0,0,132,0,0,0,0,4,0,9,3,44,6,4,0,9,55,0,0,0,0,0,2,0,0,0,0,0,1,1,0,0,0.26154476,0.000135244,5.53E-05,5.55E-06,0.2125832,0.081162362,0.004972702,0.001116458,0.002936107,0.000396016,0.000258193,0.000248675,0.000275446,6.19E-05,0,0.000154678,0,1.98E-07,0,4.46E-07,1.49E-07,2.18E-06,2.97E-07,1.98E-07,0,4.46E-07,2.73E-06,0,0,0,0,0,9.92E-08,0,0,0,0,0,4.96E-08,4.96E-08,0,0,4.26E-05,0,0,6.54E-06,0,0,0,3.97E-06,9.92E-07,2.97E-06,0,0.000181846,9.52E-06,9.92E-07,0,3.97E-07,0.000113034,2.52E-05,0,0,9.92E-07,1.59E-05,1.49E-05,3.97E-06,1.23E-05,2.60E-05,3.37E-06
sector 87,0.110576969,10800,13,0,1,10000,888,1051,307,541,37,55,87,79,14,0,25,14625,58.3,0,2,1,0,2,3,8,1,55,2,0,0,0,31,10,0,0,0,4,7,13,0,0,0,0,0,0,1,0,0,4,0,4,0,0,0,2,3,0,0,0,0,0,0,0,0,0,0,0,0,0,0,0,0.00799905,9.63E-06,0,7.41E-07,0.007406527,0.0006577,0.000778426,0.00022738,0.000400693,2.74E-05,4.07E-05,6.44E-05,5.85E-05,1.04E-05,0,1.85E-05,7.41E-07,0,0,2.96E-06,0,2.96E-06,0,0,0,1.48E-06,2.22E-06,0,0,0,0,0,0,0,0,0,0,0,0,0,0,0,9.63E-06,0,0,0,0,0,0,0,1.48E-06,7.41E-07,0,4.07E-05,1.48E-06,0,0,0,2.30E-05,7.41E-06,0,0,0,2.96E-06,5.18E-06,1.48E-06,2.22E-06,5.93E-06,7.41E-07
sector 30,0.900795631,7019500,4794,2204,210,5006408,2901000,137987,41293,68591,9878,9631,8872,9353,1976,62,6299,28108.57568,85.60743243,93,24,31,0,31,334,792,55,5941,341,0,0,0,3530,806,0,0,31,62,1171,1656,334,0,117,0,0,31,2,0,3,7,12,20,7,5,0,18,32,1,0,3,0,0,2,0,0,0,0,0,6,0,0,0,0.910605703,0.000621902,0.000285914,2.72E-05,0.649457038,0.376332665,0.017900385,0.005356741,0.008897978,0.001281425,0.001249383,0.001150922,0.001213319,0.000256337,8.04E-06,0.000817139,2.59E-07,0,3.89E-07,9.08E-07,1.56E-06,2.59E-06,9.08E-07,6.49E-07,0,2.34E-06,4.15E-06,1.30E-07,0,3.89E-07,0,0,2.59E-07,0,0,0,0,0,7.78E-07,0,0,0,0.000214825,4.33E-05,0,1.52E-05,0,0,4.02E-06,1.21E-05,3.11E-06,4.02E-06,0,0.000770697,4.42E-05,0,0,0,0.00045793,0.000104558,0,0,4.02E-06,8.04E-06,0.000151908,4.02E-06,4.33E-05,0.000102742,7.13E-06
sector 58,0.496678474,283250,129,77,8,229251,108998,11354,3063,5385,1326,690,588,992,134,4,307,15666.9,77.5,7,3,6,0,19,19,45,6,401,17,1,0,0,247,57,0,0,1,20,53,102,20,0,0,1,0,0,0,0,0,3,0,0,0,0,0,0,0,0,0,0,0,0,0,0,0,0,0,0,0,0,0,0,0.004723738,2.15E-06,1.28E-06,1.33E-07,0.003823201,0.001817751,0.00018935,5.11E-05,8.98E-05,2.21E-05,1.15E-05,9.81E-06,1.65E-05,2.23E-06,6.67E-08,5.12E-06,0,0,0,5.00E-08,0,0,0,0,0,0,0,0,0,0,0,0,0,0,0,0,0,0,0,0,0,0,1.70E-06,3.34E-07,0,0,1.67E-08,0,0,1.17E-07,5.00E-08,1.00E-07,0,6.69E-06,2.84E-07,1.67E-08,0,0,4.12E-06,9.51E-07,0,0,1.67E-08,3.34E-07,8.84E-07,3.17E-07,3.17E-07,7.50E-07,1.00E-07
sector 41,1.689311879,111600,74,83,14,81000,44000,8199,934,6699,343,504,79,144,35,2,115,23746.5,283.9,1,1,2,0,5,4,12,4,87,5,0,1,0,52,13,1,0,1,2,12,39,17,0,0,7,0,0,0,0,0,0,0,0,0,0,0,4,7,0,0,1,0,0,0,0,0,0,0,0,1,0,0,0,0.097341245,6.45E-05,7.24E-05,1.22E-05,0.070650903,0.038378269,0.007151441,0.000814666,0.005843091,0.000299176,0.000439606,6.89E-05,0.000125602,3.05E-05,1.74E-06,0.000100307,0,0,0,0,0,0,0,0,0,3.49E-06,6.11E-06,0,0,8.72E-07,0,0,0,0,0,0,0,0,8.72E-07,0,0,0,3.40E-05,1.48E-05,0,0,6.11E-06,0,0,8.72E-07,8.72E-07,1.74E-06,0,7.59E-05,4.36E-06,0,8.72E-07,0,4.54E-05,1.13E-05,8.72E-07,0,8.72E-07,1.74E-06,1.05E-05,4.36E-06,3.49E-06,1.05E-05,3.49E-06
sector 11,0.509026689,111391,45,5,2,111291,872,2494,495,288,1317,185,151,243,58,0,15,9101.5,137.3,0,18,1,0,5,5,4,5,31,0,0,1,0,19,3,0,0,0,4,4,61,0,0,0,0,0,0,0,0,0,0,0,0,0,0,0,1,4,0,0,0,0,0,0,0,0,0,0,0,0,0,0,0,0.00254912,1.03E-06,1.14E-07,4.58E-08,0.002546832,2.00E-05,5.71E-05,1.13E-05,6.59E-06,3.01E-05,4.23E-06,3.46E-06,5.56E-06,1.33E-06,0,3.43E-07,0,0,0,0,0,0,0,0,0,2.29E-08,9.15E-08,0,0,0,0,0,0,0,0,0,0,0,0,0,0,0,1.40E-06,0,0,0,0,0,0,0,4.12E-07,2.29E-08,0,7.09E-07,0,0,2.29E-08,0,4.35E-07,6.87E-08,0,0,0,9.15E-08,9.15E-08,1.14E-07,1.14E-07,9.15E-08,1.14E-07
sector 64,0.981132728,4795700,5177,1581,310,4278000,744000,90458,24397,43338,6541,11718,8711,7471,930,62,5952,39350.8,206,155,31,62,0,124,372,620,124,4619,434,0,0,31,2697,775,0,0,31,93,465,899,31,0,124,0,0,31,2,0,2,13,9,21,11,14,0,18,65,2,0,5,0,0,2,0,0,0,0,0,9,0,0,0,8.989934509,0.009704713,0.002963715,0.000581121,8.019463234,1.394689258,0.169570969,0.045734185,0.081240649,0.012261643,0.021966356,0.016329487,0.014005005,0.001743362,0.000116224,0.011157514,3.75E-06,0,3.75E-06,2.44E-05,1.69E-05,3.94E-05,2.06E-05,2.62E-05,0,3.37E-05,0.000121848,3.75E-06,0,9.37E-06,0,0,3.75E-06,0,0,0,0,0,1.69E-05,0,0,0,0.00168525,5.81E-05,0,0.000232448,0,0,5.81E-05,0.00029056,5.81E-05,0.000116224,0,0.008658696,0.000813569,0,0,5.81E-05,0.005055749,0.001452801,0,0,5.81E-05,0.000174336,0.000871681,0.000232448,0.000697345,0.001162241,0.000232448
sector 8,0.396225587,464410,287,160,26,404624,93492,26926,6026,16256,2276,940,652,1716,124,0,531,10059.86,56.12857143,10,3,10,0,11,19,67,7,838,46,0,2,0,507,120,1,0,5,26,129,125,0,0,0,1,0,0,0,0,2,25,10,28,1,10,0,3,17,0,0,3,0,0,2,0,0,0,0,0,5,0,0,0,0.011706357,7.23E-06,4.03E-06,6.55E-07,0.010199335,0.002356648,0.000678722,0.000151897,0.000409764,5.74E-05,2.37E-05,1.64E-05,4.33E-05,3.13E-06,0,1.34E-05,0,0,5.04E-08,6.30E-07,2.52E-07,7.06E-07,2.52E-08,2.52E-07,0,7.56E-08,4.29E-07,0,0,7.56E-08,0,0,5.04E-08,0,0,0,0,0,1.26E-07,0,0,0,3.15E-06,0,0,0,2.52E-08,0,0,2.52E-07,7.56E-08,2.52E-07,0,2.11E-05,1.16E-06,0,5.04E-08,0,1.28E-05,3.02E-06,2.52E-08,0,1.26E-07,6.55E-07,3.25E-06,2.77E-07,4.79E-07,1.69E-06,1.76E-07
sector 37,0.512228119,180700,41,95,11,83000,139000,3880,1230,1350,555,434,316,429,31,8,196,125984.8,314.4,2,4,0,0,3,2,6,8,140,43,0,2,0,54,18,0,1,0,7,15,26,22,0,0,0,0,0,8,27,6,82,71,253,67,55,1,61,238,3,5,3,0,1,12,0,0,0,0,0,20,3,1,0,0.173380347,3.93E-05,9.12E-05,1.06E-05,0.079637902,0.133369498,0.003722832,0.001180176,0.001295315,0.000532518,0.00041642,0.0003032,0.000411622,2.97E-05,7.68E-06,0.000188061,7.68E-06,2.59E-05,5.76E-06,7.87E-05,6.81E-05,0.000242752,6.43E-05,5.28E-05,9.59E-07,5.85E-05,0.000228359,2.88E-06,4.80E-06,2.88E-06,0,9.59E-07,1.15E-05,0,0,0,0,0,1.92E-05,2.88E-06,9.59E-07,0,2.49E-05,2.11E-05,0,0,0,0,0,1.92E-06,3.84E-06,0,0,0.000134329,4.13E-05,0,1.92E-06,0,5.18E-05,1.73E-05,0,9.59E-07,0,6.72E-06,1.44E-05,2.88E-06,1.92E-06,5.76E-06,7.68E-06
sector 81,0.190127327,68600,9,46,3,45000,34000,1747,537,468,337,186,146,259,22,3,40,76143.3,259.6,6,1,0,0,2,2,4,3,30,2,0,1,0,11,7,0,0,0,3,5,14,5,0,0,0,0,0,4,8,2,14,4,39,11,9,0,21,92,0,3,1,0,0,3,0,0,0,0,0,6,1,0,0,0.084260259,1.11E-05,5.65E-05,3.68E-06,0.055272765,0.041761645,0.002145812,0.000659588,0.000574837,0.000413932,0.000228461,0.000179329,0.000318125,2.70E-05,3.68E-06,4.91E-05,4.91E-06,9.83E-06,2.46E-06,1.72E-05,4.91E-06,4.79E-05,1.35E-05,1.11E-05,0,2.58E-05,0.000113002,0,3.68E-06,1.23E-06,0,0,3.68E-06,0,0,0,0,0,7.37E-06,1.23E-06,0,0,1.72E-05,6.14E-06,0,0,0,0,0,7.37E-06,1.23E-06,0,0,3.68E-05,2.46E-06,0,1.23E-06,0,1.35E-05,8.60E-06,0,0,0,3.68E-06,6.14E-06,2.46E-06,2.46E-06,4.91E-06,3.68E-06
sector 95,1.422036315,570400,682,248,0,558000,18755,12369,4371,5332,1023,1984,682,961,465,0,620,40709.8,169.7,0,0,31,0,0,0,62,93,1147,124,31,0,0,589,217,0,0,0,93,93,434,31,0,31,0,0,0,0,0,0,0,0,0,0,0,0,0,0,0,0,0,0,0,0,0,0,0,0,0,0,0,0,0,0.371809873,0.000444555,0.000161656,0,0.36372705,0.01222527,0.008062616,0.002849195,0.003475614,0.000666833,0.001293252,0.000444555,0.000626419,0.000303106,0,0.000404141,0,0,0,0,0,0,0,0,0,0,0,0,0,0,0,0,0,0,0,0,0,0,0,0,0,0,0.000282899,2.02E-05,0,2.02E-05,0,0,0,0,0,2.02E-05,0,0.000747661,8.08E-05,2.02E-05,0,0,0.000383934,0.000141449,0,0,0,6.06E-05,6.06E-05,0,0,4.04E-05,6.06E-05
sector 77,0.189160026,80200,59,21,4,70000,14000,3485,628,2414,61,263,128,254,32,1,75,30999.5,136.7,1,0,2,0,2,6,13,2,110,9,1,0,0,66,14,1,0,2,5,12,34,9,0,0,0,0,0,0,1,0,3,3,5,0,0,0,10,14,0,1,2,0,0,1,0,0,0,0,0,4,0,0,0,0.152919693,0.000112497,4.00E-05,7.63E-06,0.133471054,0.026694211,0.006644952,0.001197426,0.004602845,0.00011631,0.00050147,0.000244061,0.000484309,6.10E-05,1.91E-06,0.000143005,0,1.91E-06,0,5.72E-06,5.72E-06,9.53E-06,0,0,0,1.91E-05,2.67E-05,0,1.91E-06,3.81E-06,0,0,1.91E-06,0,0,0,0,0,7.63E-06,0,0,0,6.48E-05,1.72E-05,0,0,0,0,0,1.91E-06,0,3.81E-06,0,0.00020974,1.72E-05,1.91E-06,0,0,0.000125844,2.67E-05,1.91E-06,0,3.81E-06,9.53E-06,2.29E-05,3.81E-06,1.14E-05,2.48E-05,3.81E-06
sector 94,0.19348881,5543,8,5,0,4934,903,405,152,144,22,51,51,36,34,1,5,31660,182.9666667,0,0,0,0,2,1,3,1,9,0,0,0,0,5,1,0,0,0,2,1,24,5,0,0,0,0,0,0,0,0,8,3,11,0,3,0,3,18,0,0,2,0,0,2,0,0,0,0,0,4,0,0,0,0.000596729,8.61E-07,5.38E-07,0,0.000531167,9.72E-05,4.36E-05,1.64E-05,1.55E-05,2.37E-06,5.49E-06,5.49E-06,3.88E-06,3.66E-06,1.08E-07,5.38E-07,0,0,0,8.61E-07,3.23E-07,1.18E-06,0,3.23E-07,0,3.23E-07,1.94E-06,0,0,2.15E-07,0,0,2.15E-07,0,0,0,0,0,4.31E-07,0,0,0,2.58E-06,5.38E-07,0,0,0,0,0,0,0,0,0,9.69E-07,0,0,0,0,5.38E-07,1.08E-07,0,0,0,2.15E-07,1.08E-07,2.15E-07,1.08E-07,3.23E-07,1.08E-07
sector 61,2.161905218,31077700,24964,13187,3681,17099643,26152000,1267755,350067,776801,64186,75064,23819,52882,17281,418,43378,19822.77371,66.31781818,453,120,182,0,867,1289,4189,511,55785,3430,0,0,0,34583,5249,120,0,422,2613,9248,15291,2377,0,240,89,0,209,2,5,1,17,13,50,5,13,0,3,22,0,0,1,0,2,3,0,0,0,0,0,6,0,0,0,0.593639363,0.000476857,0.000251895,7.03E-05,0.326633605,0.499549729,0.024216376,0.006686903,0.014838281,0.001226067,0.001433856,0.000454985,0.00101014,0.000330098,7.98E-06,0.000828597,3.82E-08,9.55E-08,1.91E-08,3.25E-07,2.48E-07,9.55E-07,9.55E-08,2.48E-07,0,5.73E-08,4.20E-07,0,0,1.91E-08,0,3.82E-08,5.73E-08,0,0,0,0,0,1.15E-07,0,0,0,0.000292085,4.54E-05,0,4.58E-06,1.70E-06,0,3.99E-06,8.65E-06,2.29E-06,3.48E-06,0,0.001065593,6.55E-05,0,0,0,0.000660597,0.000100265,2.29E-06,0,8.06E-06,4.99E-05,0.000176653,1.66E-05,2.46E-05,8.00E-05,9.76E-06
sector 71,0.207136756,8526,7,4,0,3684,6917,1072,172,807,22,42,34,37,14,0,25,16987.5,64.2,1,0,1,0,1,0,3,0,24,0,0,0,0,20,3,0,0,0,0,1,8,0,0,0,0,0,0,0,0,0,0,0,0,0,0,0,0,0,0,0,0,0,0,0,0,0,0,0,0,0,0,0,0,0.006772544,5.56E-06,3.18E-06,0,0.002926349,0.005494451,0.000851533,0.000136627,0.000641032,1.75E-05,3.34E-05,2.70E-05,2.94E-05,1.11E-05,0,1.99E-05,0,0,0,0,0,0,0,0,0,0,0,0,0,0,0,0,0,0,0,0,0,0,0,0,0,0,6.35E-06,0,0,0,0,0,0,7.94E-07,0,7.94E-07,0,1.91E-05,0,0,0,0,1.59E-05,2.38E-06,0,0,0,0,7.94E-07,7.94E-07,0,2.38E-06,0
sector 25,0.262373169,469548,117,10,1,466452,8246,5509,2048,2517,221,489,382,341,198,0,63,25597.6375,119.05,0,2,0,0,24,29,57,1,336,2,0,0,0,237,14,0,0,0,3,80,196,0,0,0,0,0,0,0,1,0,4,2,10,0,1,0,2,4,0,0,0,0,0,0,0,0,0,0,0,0,0,0,0,0.041620911,1.04E-05,8.86E-07,8.86E-08,0.04134648,0.000730929,0.00048832,0.000181535,0.000223108,1.96E-05,4.33E-05,3.39E-05,3.02E-05,1.76E-05,0,5.58E-06,0,8.86E-08,0,3.55E-07,1.77E-07,8.86E-07,0,8.86E-08,0,1.77E-07,3.55E-07,0,0,0,0,0,0,0,0,0,0,0,0,0,0,0,1.74E-05,0,0,0,0,0,0,0,1.77E-07,0,0,2.98E-05,1.77E-07,0,0,0,2.10E-05,1.24E-06,0,0,0,2.66E-07,7.09E-06,2.13E-06,2.57E-06,5.05E-06,8.86E-08
sector 31,0.489452165,33886,24,1,0,29578,8520,2083,463,1317,47,62,118,138,37,0,12,13037.5,42.4,0,0,3,0,10,8,12,0,149,9,0,0,0,88,8,0,0,0,15,28,37,0,0,0,0,0,0,0,0,0,3,0,2,0,0,0,1,4,0,0,0,0,0,0,0,0,0,0,0,0,0,0,0,0.000974576,6.90E-07,2.88E-08,0,0.000850676,0.000245039,5.99E-05,1.33E-05,3.79E-05,1.35E-06,1.78E-06,3.39E-06,3.97E-06,1.06E-06,0,3.45E-07,0,0,0,8.63E-08,0,5.75E-08,0,0,0,2.88E-08,1.15E-07,0,0,0,0,0,0,0,0,0,0,0,0,0,0,0,1.06E-06,0,0,0,0,0,0,0,0,8.63E-08,0,4.29E-06,2.59E-07,0,0,0,2.53E-06,2.30E-07,0,0,0,4.31E-07,8.05E-07,2.88E-07,2.30E-07,3.45E-07,0
sector 52,0.778254219,6417000,4619,3441,372,4712000,2418000,146847,50840,51181,19282,12245,16027,9517,837,62,10571,60322.8,339,248,93,62,0,310,186,496,930,4526,496,0,0,0,2232,744,0,31,93,186,744,899,310,0,0,0,0,31,0,0,0,0,0,0,0,0,0,0,0,0,0,0,0,0,0,0,0,0,0,0,0,0,0,0,6.455053119,0.004646391,0.003461405,0.000374206,4.739942387,2.432338856,0.14771781,0.051141484,0.051484506,0.019396343,0.012317613,0.016122041,0.009573436,0.000841963,6.24E-05,0.010633687,0,0,0,0,0,0,0,0,0,0,0,0,0,0,0,0,0,0,0,0,0,0,0,0,0,0,0.000904331,0.000311838,0,0,0,0,3.12E-05,0.000249471,9.36E-05,6.24E-05,0,0.004552839,0.000498941,0,0,0,0.002245236,0.000748412,0,3.12E-05,9.36E-05,0.000187103,0.000748412,0.000311838,0.000187103,0.000498941,0.000935515
sector 75,0.566166203,1355600,671,429,131,742130,865238,29746,8681,14782,2089,2259,1324,2870,519,2,1667,14301.72353,71.30882353,31,0,3,0,43,11,119,11,1100,71,0,32,0,669,65,0,2,1,40,218,376,13,0,0,0,0,31,1,0,0,4,1,7,0,1,0,0,5,0,0,2,0,0,1,0,0,0,0,0,3,0,0,0,0.106908523,5.29E-05,3.38E-05,1.03E-05,0.058527606,0.068236439,0.002345899,0.000684621,0.001165773,0.000164748,0.000178155,0.000104416,0.000226341,4.09E-05,1.58E-07,0.000131467,7.89E-08,0,0,3.15E-07,7.89E-08,5.52E-07,0,7.89E-08,0,0,3.94E-07,0,0,1.58E-07,0,0,7.89E-08,0,0,0,0,0,2.37E-07,0,0,0,2.97E-05,1.03E-06,0,0,0,0,2.44E-06,2.44E-06,0,2.37E-07,0,8.68E-05,5.60E-06,0,2.52E-06,0,5.28E-05,5.13E-06,0,1.58E-07,7.89E-08,3.15E-06,1.72E-05,3.39E-06,8.68E-07,9.38E-06,8.68E-07
sector 79,1.567786791,6106900,3532,4241,1323,3509000,4311000,99379,31372,39111,13177,16344,7255,8464,3543,315,4106,31849.47302,129.5571429,189,126,66,0,252,72,690,1093,5391,681,63,123,0,2695,684,0,0,66,309,644,3561,1467,0,0,0,0,0,3,7,4,29,8,66,7,20,0,22,72,0,1,1,0,0,6,0,0,0,0,0,7,0,1,0,0.404676778,0.00023405,0.000281032,8.77E-05,0.232525637,0.285670568,0.006585399,0.002078881,0.00259171,0.00087318,0.001083043,0.000480756,0.000560871,0.000234779,2.09E-05,0.000272086,1.99E-07,4.64E-07,2.65E-07,1.92E-06,5.30E-07,4.37E-06,4.64E-07,1.33E-06,0,1.46E-06,4.77E-06,0,6.63E-08,6.63E-08,0,0,3.98E-07,0,0,0,0,0,4.64E-07,0,6.63E-08,0,0.000235971,9.72E-05,0,0,0,0,0,1.25E-05,8.35E-06,4.37E-06,0,0.000357237,4.51E-05,4.17E-06,8.15E-06,0,0.000178586,4.53E-05,0,0,4.37E-06,2.05E-05,4.27E-05,1.67E-05,4.77E-06,4.57E-05,7.24E-05
sector 65,0.688293138,3713800,2573,1581,93,2976000,1054000,64139,14787,37944,4867,7285,3813,2728,1116,62,2015,30278.1,206.4,31,0,62,0,341,124,341,0,2573,248,31,0,31,1550,403,0,0,0,124,186,868,496,0,0,0,0,93,0,0,0,0,1,1,0,1,0,5,4,0,0,1,0,0,0,0,0,0,0,0,1,0,0,0,5.090733972,0.003526969,0.002167174,0.000127481,4.079386155,1.444782596,0.08791927,0.02026945,0.052012173,0.006671496,0.009985997,0.005226714,0.003739437,0.00152977,8.50E-05,0.002762084,0,0,0,0,1.37E-06,1.37E-06,0,1.37E-06,0,6.85E-06,5.48E-06,0,0,1.37E-06,0,0,0,0,0,0,0,0,1.37E-06,0,0,0,0.001189821,0.000679898,0,0,0,0,0.000127481,4.25E-05,0,8.50E-05,0,0.003526969,0.000339949,4.25E-05,0,4.25E-05,0.00212468,0.000552417,0,0,0,0.000169974,0.000254962,0.00046743,0.000169974,0.00046743,0
sector 85,0.555038044,929926,578,297,33,796525,240716,27800,7958,14778,1377,2009,1558,2129,300,7,774,15179.31429,72.41428571,16,7,9,0,29,28,121,24,1166,80,0,3,0,710,133,1,3,5,51,172,259,24,0,0,9,0,0,10,22,9,95,72,413,47,73,0,69,176,5,0,5,3,4,13,0,0,0,0,0,27,0,3,0,0.030930883,1.92E-05,9.88E-06,1.10E-06,0.026493744,0.008006614,0.000924674,0.000264696,0.000491541,4.58E-05,6.68E-05,5.18E-05,7.08E-05,9.98E-06,2.33E-07,2.57E-05,3.33E-07,7.32E-07,2.99E-07,3.16E-06,2.39E-06,1.37E-05,1.56E-06,2.43E-06,0,2.30E-06,5.85E-06,1.66E-07,0,1.66E-07,9.98E-08,1.33E-07,4.32E-07,0,0,0,0,0,8.98E-07,0,9.98E-08,0,8.61E-06,7.98E-07,0,0,2.99E-07,0,0,5.32E-07,2.33E-07,2.99E-07,0,3.88E-05,2.66E-06,0,9.98E-08,0,2.36E-05,4.42E-06,3.33E-08,9.98E-08,1.66E-07,1.70E-06,5.72E-06,9.65E-07,9.31E-07,4.02E-06,7.98E-07
sector 36,0.447374899,83300,47,6,3,53000,42740,4758,943,3442,92,242,104,177,69,2,117,20391.2,75.23333333,1,0,1,0,4,3,8,0,108,2,1,0,0,83,11,0,0,0,4,7,65,8,0,0,0,0,0,1,6,1,6,0,4,0,0,0,3,12,0,0,0,1,0,2,0,0,0,0,0,3,0,0,0,0.021814354,1.23E-05,1.57E-06,7.86E-07,0.013879481,0.011192623,0.001246011,0.00024695,0.000901381,2.41E-05,6.34E-05,2.72E-05,4.64E-05,1.81E-05,5.24E-07,3.06E-05,2.62E-07,1.57E-06,2.62E-07,1.57E-06,0,1.05E-06,0,0,0,7.86E-07,3.14E-06,0,0,0,2.62E-07,0,5.24E-07,0,0,0,0,0,7.86E-07,0,0,0,1.70E-05,2.10E-06,0,0,0,0,0,2.62E-07,0,2.62E-07,0,2.83E-05,5.24E-07,2.62E-07,0,0,2.17E-05,2.88E-06,0,0,0,1.05E-06,1.83E-06,1.05E-06,7.86E-07,2.10E-06,0
sector 92,0.529825908,235900,165,26,6,224000,20767,9182,2373,5099,275,557,593,842,81,2,123,15918.14,98.46,5,1,8,0,11,21,46,4,484,14,0,1,0,318,60,2,2,2,16,66,73,9,0,0,0,0,0,5,6,1,49,29,205,9,42,0,19,72,0,0,3,1,1,5,0,0,0,0,0,6,1,3,0,0.008285071,5.79E-06,9.13E-07,2.11E-07,0.00786713,0.00072936,0.000322482,8.33E-05,0.000179083,9.66E-06,1.96E-05,2.08E-05,2.96E-05,2.84E-06,7.02E-08,4.32E-06,1.76E-07,2.11E-07,3.51E-08,1.72E-06,1.02E-06,7.20E-06,3.16E-07,1.48E-06,0,6.67E-07,2.53E-06,0,0,1.05E-07,3.51E-08,3.51E-08,1.76E-07,0,0,0,0,0,2.11E-07,3.51E-08,1.05E-07,0,2.56E-06,3.16E-07,0,0,0,0,0,1.76E-07,3.51E-08,2.81E-07,0,1.70E-05,4.92E-07,0,3.51E-08,0,1.12E-05,2.11E-06,7.02E-08,7.02E-08,7.02E-08,5.62E-07,2.32E-06,3.86E-07,7.38E-07,1.62E-06,1.40E-07
sector 57,0.844283229,1583500,533,193,33,1356000,321000,24057,9383,10607,1035,1646,1282,1750,571,31,715,22209.85313,71.584375,124,0,0,0,0,2,96,31,1451,220,0,0,0,1039,2,0,0,0,31,159,322,94,0,0,0,0,0,0,0,0,0,0,0,0,0,0,0,0,0,0,0,0,0,0,0,0,0,0,0,0,0,0,0,0.842132965,0.000283459,0.000102641,1.76E-05,0.721144491,0.170713408,0.012793933,0.004990043,0.005640988,0.000550431,0.000875372,0.00068179,0.000930681,0.000303668,1.65E-05,0.000380249,0,0,0,0,0,0,0,0,0,0,0,0,0,0,0,0,0,0,0,0,0,0,0,0,0,0,0.000171245,5.00E-05,0,0,0,0,0,6.59E-05,0,0,0,0.000771667,0.000117,0,0,0,0.000552558,1.06E-06,0,0,0,1.65E-05,8.46E-05,0,1.06E-06,5.11E-05,1.65E-05
sector 68,0.631092593,551029,520,117,12,502967,81243,17445,4739,9254,725,1258,1189,1538,221,4,291,14632,66.86666667,3,9,12,0,13,28,43,8,635,32,1,0,0,336,102,0,2,6,47,99,151,5,1,0,0,0,0,1,1,2,16,11,51,2,15,0,7,31,0,1,2,1,2,2,0,0,0,0,0,8,0,0,0,0.007371354,6.96E-06,1.57E-06,1.61E-07,0.006728408,0.001086823,0.000233369,6.34E-05,0.000123795,9.70E-06,1.68E-05,1.59E-05,2.06E-05,2.96E-06,5.35E-08,3.89E-06,1.34E-08,1.34E-08,2.68E-08,2.14E-07,1.47E-07,6.82E-07,2.68E-08,2.01E-07,0,9.36E-08,4.15E-07,0,1.34E-08,2.68E-08,1.34E-08,2.68E-08,2.68E-08,0,0,0,0,0,1.07E-07,0,0,0,2.02E-06,6.69E-08,1.34E-08,0,0,0,0,4.01E-08,1.20E-07,1.61E-07,0,8.49E-06,4.28E-07,1.34E-08,0,0,4.49E-06,1.36E-06,0,2.68E-08,8.03E-08,6.29E-07,1.32E-06,1.74E-07,3.75E-07,5.75E-07,1.07E-07
sector 9,0.60273536,137700,122,32,9,123000,21000,5428,1328,3187,406,330,200,307,35,3,112,32795.7,281.4,1,1,5,0,7,13,16,4,288,7,0,0,0,230,27,0,1,0,11,12,32,18,0,0,0,0,0,3,6,6,46,43,195,40,38,1,43,129,1,1,7,1,1,3,0,0,0,1,0,13,0,0,0,0.104404202,9.25E-05,2.43E-05,6.82E-06,0.093258655,0.015922209,0.004115512,0.00100689,0.002416385,0.000307829,0.000250206,0.00015164,0.000232768,2.65E-05,2.27E-06,8.49E-05,2.27E-06,4.55E-06,4.55E-06,3.49E-05,3.26E-05,0.000147849,3.03E-05,2.88E-05,7.58E-07,3.26E-05,9.78E-05,7.58E-07,7.58E-07,5.31E-06,7.58E-07,7.58E-07,2.27E-06,0,0,0,7.58E-07,0,9.86E-06,0,0,0,2.43E-05,1.36E-05,0,0,0,0,0,7.58E-07,7.58E-07,3.79E-06,0,0.000218362,5.31E-06,0,0,0,0.000174386,2.05E-05,0,7.58E-07,0,8.34E-06,9.10E-06,5.31E-06,9.86E-06,1.21E-05,3.03E-06
sector 10,0.506184684,120200,64,65,5,84000,58000,2150,648,1011,110,373,191,190,62,0,62,20848.3,107.25,1,0,1,0,8,5,19,5,92,3,0,1,0,59,8,0,0,0,7,13,62,15,0,3,0,0,0,0,0,2,10,16,38,4,9,0,5,14,0,0,1,0,1,1,0,0,0,0,0,3,0,0,0,0.018930494,1.01E-05,1.02E-05,7.87E-07,0.013229297,0.009134515,0.000338607,0.000102055,0.000159224,1.73E-05,5.87E-05,3.01E-05,2.99E-05,9.76E-06,0,9.76E-06,0,0,3.15E-07,1.57E-06,2.52E-06,5.98E-06,6.30E-07,1.42E-06,0,7.87E-07,2.20E-06,0,0,1.57E-07,0,1.57E-07,1.57E-07,0,0,0,0,0,4.72E-07,0,0,0,9.76E-06,2.36E-06,0,4.72E-07,0,0,0,1.57E-07,0,1.57E-07,0,1.45E-05,4.72E-07,0,1.57E-07,0,9.29E-06,1.26E-06,0,0,0,1.10E-06,2.05E-06,1.26E-06,7.87E-07,2.99E-06,7.87E-07
sector 72,0.3372168,218829,207,53,17,193428,36144,9216,2092,5806,548,430,302,468,68,4,205,22744.8,172.25,1,1,10,0,9,17,32,7,276,15,1,4,0,163,37,0,0,4,25,22,66,28,0,0,0,0,0,0,0,0,0,0,0,0,0,0,0,2,0,0,0,0,0,0,0,0,0,0,0,0,0,0,0,0.010876304,1.03E-05,2.63E-06,8.45E-07,0.009613816,0.00179644,0.000458056,0.000103977,0.000288572,2.72E-05,2.14E-05,1.50E-05,2.33E-05,3.38E-06,1.99E-07,1.02E-05,0,0,0,0,0,0,0,0,0,0,9.94E-08,0,0,0,0,0,0,0,0,0,0,0,0,0,0,0,3.28E-06,1.39E-06,0,0,0,0,0,4.97E-08,4.97E-08,4.97E-07,0,1.37E-05,7.46E-07,4.97E-08,1.99E-07,0,8.10E-06,1.84E-06,0,0,1.99E-07,1.24E-06,1.09E-06,4.47E-07,8.45E-07,1.59E-06,3.48E-07
sector 21,0.86697198,13206000,11873,3782,837,10230000,4278000,353245,120435,136214,53010,22537,20522,23064,2015,124,16802,38842.23333,201.0333333,279,558,124,0,496,868,1798,899,13981,1054,0,62,124,7874,2201,31,62,31,620,1860,2108,651,0,31,0,0,0,2,4,4,11,21,47,19,16,0,28,63,0,0,4,1,0,4,0,0,0,0,0,7,2,0,0,4.942885556,0.004443956,0.001415568,0.000313281,3.828995853,1.601216448,0.132216387,0.045077724,0.05098366,0.01984116,0.008435394,0.007681198,0.008632645,0.000754196,4.64E-05,0.006288836,7.49E-07,1.50E-06,1.50E-06,4.12E-06,7.86E-06,1.76E-05,7.11E-06,5.99E-06,0,1.05E-05,2.36E-05,0,0,1.50E-06,3.74E-07,0,1.50E-06,0,0,0,0,0,2.62E-06,7.49E-07,0,0,0.000789005,0.000243663,0,1.16E-05,0,0,0,0.000104427,0.000208854,4.64E-05,0,0.005232961,0.000394503,0,2.32E-05,4.64E-05,0.002947167,0.000823814,1.16E-05,2.32E-05,1.16E-05,0.00023206,0.000696181,0.000185648,0.000324884,0.000672975,0.000336488
sector 29,0.699745882,13496000,11592,7980,812,10556000,4872000,360584,99344,209944,21644,36036,12628,17024,3976,84,14420,26277.8,164,224,28,112,0,336,616,2072,560,15064,1120,56,56,0,8456,1960,28,0,112,812,2464,4172,812,0,0,196,0,308,7,1,3,23,22,48,8,8,0,17,47,1,1,2,1,1,2,0,0,0,0,0,7,1,0,0,2.753316661,0.002364882,0.001627998,0.000165656,2.153527762,0.99393589,0.07356268,0.020267153,0.04283064,0.004415589,0.007351698,0.002576236,0.003473063,0.000811143,1.71E-05,0.002941822,1.43E-06,2.04E-07,6.12E-07,4.69E-06,4.49E-06,9.79E-06,1.63E-06,1.63E-06,0,3.47E-06,9.59E-06,2.04E-07,2.04E-07,4.08E-07,2.04E-07,2.04E-07,4.08E-07,0,0,0,0,0,1.43E-06,2.04E-07,0,0,0.000851129,0.000165656,0,0,4.00E-05,0,6.28E-05,4.57E-05,5.71E-06,2.28E-05,0,0.003073204,0.000228491,1.14E-05,1.14E-05,0,0.001725107,0.000399859,5.71E-06,0,2.28E-05,0.000165656,0.00050268,6.85E-05,0.00012567,0.000422708,0.000114246
sector 45,2.446337798,8044200,3872,1364,493,7354000,1365000,124868,38456,58995,8784,11340,8185,10448,2630,34,3325,26103.27551,73.65918367,157,100,111,0,196,228,1162,112,5640,447,0,0,0,3630,582,16,0,79,323,563,2329,160,0,73,0,0,0,5,2,2,27,9,91,10,25,0,23,51,0,0,3,0,1,4,0,0,0,0,0,7,0,1,0,0.237281254,0.000114213,4.02E-05,1.45E-05,0.216922297,0.040263657,0.003683254,0.001134344,0.001740186,0.000259103,0.000334498,0.000241434,0.000308187,7.76E-05,1.00E-06,9.81E-05,1.47E-07,5.90E-08,5.90E-08,7.96E-07,2.65E-07,2.68E-06,2.95E-07,7.37E-07,0,6.78E-07,1.50E-06,0,0,8.85E-08,0,2.95E-08,1.18E-07,0,0,0,0,0,2.06E-07,0,2.95E-08,0,6.87E-05,4.72E-06,0,2.15E-06,0,0,0,4.63E-06,2.95E-06,3.27E-06,0,0.000166364,1.32E-05,0,0,0,0.000107075,1.72E-05,4.72E-07,0,2.33E-06,9.53E-06,1.66E-05,5.78E-06,6.73E-06,3.43E-05,3.30E-06
sector 28,0.225500969,22000,10,10,0,16000,8872,720,208,283,85,83,71,73,8,2,35,25430,92.6,0,0,0,0,2,1,4,0,31,0,0,0,0,22,6,0,0,0,0,2,4,7,0,0,1,0,0,2,5,3,14,13,31,1,17,0,13,35,2,0,1,1,1,1,0,0,0,0,0,6,0,0,0,0.023665999,1.08E-05,1.08E-05,0,0.017211636,0.009543852,0.000774524,0.000223751,0.000304431,9.14E-05,8.93E-05,7.64E-05,7.85E-05,8.61E-06,2.15E-06,3.77E-05,2.15E-06,5.38E-06,3.23E-06,1.51E-05,1.40E-05,3.33E-05,1.08E-06,1.83E-05,0,1.40E-05,3.77E-05,2.15E-06,0,1.08E-06,1.08E-06,1.08E-06,1.08E-06,0,0,0,0,0,6.45E-06,0,0,0,4.30E-06,7.53E-06,0,0,1.08E-06,0,0,0,0,0,0,3.33E-05,0,0,0,0,2.37E-05,6.45E-06,0,0,0,0,2.15E-06,2.15E-06,1.08E-06,4.30E-06,0
sector 20,1.59469797,1638500,895,70,0,1605000,75765,12265,3890,4955,825,2555,1925,670,1375,0,460,33814.51429,98.97142857,0,0,0,0,130,175,405,0,1465,35,0,0,0,720,280,0,0,0,245,185,900,0,0,0,0,0,0,0,0,0,0,0,0,0,0,0,0,1,0,0,0,0,0,0,0,0,0,0,0,0,0,0,0,0.072681573,3.97E-05,3.11E-06,0,0.07119556,0.00336083,0.000544058,0.000172555,0.000219797,3.66E-05,0.000113336,8.54E-05,2.97E-05,6.10E-05,0,2.04E-05,0,0,0,0,0,0,0,0,0,0,4.44E-08,0,0,0,0,0,0,0,0,0,0,0,0,0,0,0,3.99E-05,0,0,0,0,0,0,0,0,0,0,6.50E-05,1.55E-06,0,0,0,3.19E-05,1.24E-05,0,0,0,1.09E-05,8.21E-06,5.77E-06,7.76E-06,1.80E-05,0
sector 56,0.57808326,530568,310,248,36,407489,208625,17777,4978,10257,644,1544,687,1211,214,6,588,12363.6,112.4833333,9,2,5,0,16,45,92,8,593,38,2,1,0,324,62,1,0,3,55,102,220,31,0,0,0,0,0,0,0,0,1,0,0,0,1,0,0,5,0,0,0,0,0,0,0,0,0,0,0,0,0,0,0,0.006438895,3.76E-06,3.01E-06,4.37E-07,0.004945226,0.002531842,0.000215739,6.04E-05,0.000124477,7.82E-06,1.87E-05,8.34E-06,1.47E-05,2.60E-06,7.28E-08,7.14E-06,0,0,0,1.21E-08,0,0,0,1.21E-08,0,0,6.07E-08,0,0,0,0,0,0,0,0,0,0,0,0,0,0,0,2.67E-06,3.76E-07,0,0,0,0,0,1.09E-07,2.43E-08,6.07E-08,0,7.20E-06,4.61E-07,2.43E-08,1.21E-08,0,3.93E-06,7.52E-07,1.21E-08,0,3.64E-08,6.67E-07,1.24E-06,1.94E-07,5.46E-07,1.12E-06,9.71E-08
sector 47,1.162937804,3081545,1617,744,124,2827345,383408,78534,26812,39029,3353,7180,4407,4933,2066,124,1803,17182.11343,63.3,0,0,0,0,0,377,620,248,4541,124,0,0,0,2991,558,0,0,0,248,620,1813,310,0,0,0,0,62,0,0,0,2,0,8,0,1,0,3,9,0,0,0,0,0,2,0,0,0,0,0,2,0,0,0,0.307830639,0.00016153,7.43E-05,1.24E-05,0.282437354,0.038300505,0.007845146,0.002678382,0.003898798,0.000334948,0.000717245,0.000440237,0.000492782,0.000206383,1.24E-05,0.000180111,0,0,0,2.00E-07,0,7.99E-07,0,9.99E-08,0,3.00E-07,8.99E-07,0,0,0,0,0,2.00E-07,0,0,0,0,0,2.00E-07,0,0,0,0.000181109,3.10E-05,0,0,0,0,6.19E-06,0,0,0,0,0.000453623,1.24E-05,0,0,0,0.000298786,5.57E-05,0,0,0,2.48E-05,6.19E-05,0,3.77E-05,6.19E-05,2.48E-05
sector 48,0.141806077,0,0,0,0,0,0,18,4,4,2,6,1,7,3,0,0,,,0,0,1,0,0,0,0,1,4,0,0,0,0,1,0,0,0,0,2,1,2,0,0,0,0,0,0,0,0,0,1,0,0,0,0,0,2,1,0,0,0,0,0,0,0,0,0,0,0,0,0,0,0,0,0,0,0,0,0,6.91E-06,1.54E-06,1.54E-06,7.68E-07,2.30E-06,3.84E-07,2.69E-06,1.15E-06,0,0,0,0,0,3.84E-07,0,0,0,0,0,7.68E-07,3.84E-07,0,0,0,0,0,0,0,0,0,0,0,0,0,0,0,7.68E-07,0,0,0,0,0,0,0,0,3.84E-07,0,1.54E-06,0,0,0,0,3.84E-07,0,0,0,0,7.68E-07,3.84E-07,0,0,0,3.84E-07
